19:52:11  $GLGSV,2,1,7,75,18,110,17,76,20,52,26,77,3,10,,81,46,226,29*68
19:52:11  $GLGSV,2,2,7,82,2,205,,87,18,10,33,88,61,334,34*5E
19:52:11  $GNGLL,215.034.549,S,432.258.331,W,195211.00,A,A*75
19:52:12  $GNRMC,195212.00,A,215.034.560,S,432.258.329,W,0.182,,100123,,,A*67
19:52:12  $GNVTG,,T,,M,0.182,N,0.338,K,A*3E
19:52:12  $GNGSA,A,3,31,1,8,21,3,,,,,,,,2.17,1.24,1.78*1A
19:52:12  $GNGSA,A,3,87,88,81,,,,,,,,,,2.17,1.24,1.78*17
19:52:12  $GPGSV,2,1,5,1,46,216,31,3,23,228,30,8,25,324,31,21,73,237,17*7D
19:52:12  $GPGSV,2,2,5,31,51,96,30*46
19:52:12  $GLGSV,2,1,7,75,18,110,16,76,20,52,26,77,3,10,,81,46,226,29*69
19:52:12  $GLGSV,2,2,7,82,2,205,,87,18,10,32,88,61,334,35*5E
19:52:12  $GNGLL,215.034.560,S,432.258.329,W,195212.00,A,A*74
19:52:12  $GNGGA,195212.00,215.034.560,S,432.258.329,W,1,8,1.24,776.6,M,-6.9,M,,*5C
19:52:13  $GNRMC,195213.00,A,215.034.564,S,432.258.334,W,0.061,,100123,,,A*62
19:52:13  $GNVTG,,T,,M,0.061,N,0.113,K,A*39
19:52:13  $GNGSA,A,3,31,1,8,21,3,,,,,,,,2.17,1.24,1.78*1A
19:52:13  $GNGSA,A,3,87,88,81,,,,,,,,,,2.17,1.24,1.78*17
19:52:13  $GPGSV,2,1,5,1,46,216,31,3,23,228,30,8,25,324,31,21,73,237,16*7C
19:52:13  $GPGSV,2,2,5,31,51,96,30*46
19:52:13  $GLGSV,2,1,7,75,18,110,16,76,20,52,26,77,3,10,,81,46,226,29*69
19:52:13  $GLGSV,2,2,7,82,2,205,,87,18,10,32,88,61,334,35*5E
19:52:13  $GNGLL,215.034.564,S,432.258.334,W,195213.00,A,A*7D
19:52:13  $GNGGA,195213.00,215.034.564,S,432.258.334,W,1,8,1.24,776.5,M,-6.9,M,,*56
19:52:14  $GNRMC,195214.00,A,215.034.564,S,432.258.335,W,0.021,,100123,,,A*60
19:52:14  $GNVTG,,T,,M,0.021,N,0.038,K,A*35
19:52:14  $GNGSA,A,3,31,1,8,21,3,,,,,,,,2.17,1.24,1.78*1A
19:52:14  $GNGSA,A,3,87,88,81,,,,,,,,,,2.17,1.24,1.78*17
19:52:14  $GPGSV,2,1,5,1,46,216,31,3,23,228,30,8,25,324,31,21,73,237,15*7F
19:52:14  $GPGSV,2,2,5,31,51,96,30*46
19:52:14  $GLGSV,2,1,7,75,18,110,16,76,20,52,26,77,3,10,,81,46,226,29*69
19:52:14  $GLGSV,2,2,7,82,2,205,,87,18,10,32,88,61,334,35*5E
19:52:14  $GNGLL,215.034.564,S,432.258.335,W,195214.00,A,A*7B
19:52:14  $GNGGA,195214.00,215.034.564,S,432.258.335,W,1,8,1.24,776.5,M,-6.9,M,,*50
19:52:15  $GNRMC,195215.00,A,215.034.564,S,432.258.336,W,0.036,,100123,,,A*64
19:52:15  $GNVTG,,T,,M,0.036,N,0.067,K,A*39
19:52:15  $GNGSA,A,3,31,1,8,21,3,,,,,,,,2.17,1.24,1.78*1A
19:52:15  $GNGSA,A,3,87,88,81,,,,,,,,,,2.17,1.24,1.78*17
19:52:15  $GPGSV,2,1,5,1,46,216,31,3,23,228,30,8,25,324,31,21,73,237,13*79
19:52:15  $GPGSV,2,2,5,31,51,96,30*46
19:52:15  $GLGSV,2,1,7,75,18,110,17,76,20,52,25,77,3,10,,81,46,226,29*6B
19:52:15  $GLGSV,2,2,7,82,2,205,,87,18,10,31,88,61,334,35*5D
19:52:15  $GNGLL,215.034.564,S,432.258.336,W,195215.00,A,A*79
19:52:15  $GNGGA,195215.00,215.034.564,S,432.258.336,W,1,8,1.24,776.6,M,-6.9,M,,*51
19:52:16  $GNRMC,195216.00,A,215.034.558,S,432.258.344,W,0.047,,100123,,,A*6B
19:52:16  $GNVTG,,T,,M,0.047,N,0.087,K,A*31
19:52:16  $GNGSA,A,3,31,1,8,21,3,,,,,,,,2.17,1.24,1.78*1A
19:52:16  $GNGSA,A,3,87,88,81,,,,,,,,,,2.17,1.24,1.78*17
19:52:16  $GPGSV,2,1,5,1,46,216,31,3,23,228,31,8,25,324,31,21,73,237,11*7A
19:52:16  $GPGSV,2,2,5,31,51,96,30*46
19:52:16  $GLGSV,2,1,7,75,18,110,18,76,20,52,25,77,3,10,,81,46,226,29*64
19:52:16  $GLGSV,2,2,7,82,2,205,,87,18,10,30,88,61,334,35*5C
19:52:16  $GNGLL,215.034.558,S,432.258.344,W,195216.00,A,A*70
19:52:16  $GNGGA,195216.00,215.034.558,S,432.258.344,W,1,8,1.24,776.9,M,-6.9,M,,*57
19:52:17  $GNRMC,195217.00,A,215.034.547,S,432.258.357,W,0.016,,100123,,,A*62
19:52:17  $GNVTG,,T,,M,0.016,N,0.029,K,A*31
19:52:17  $GNGSA,A,3,31,1,8,3,,,,,,,,,2.46,1.26,2.12*10
19:52:17  $GNGSA,A,3,87,88,81,,,,,,,,,,2.46,1.26,2.12*1E
19:52:17  $GPGSV,2,1,5,1,46,216,31,3,23,228,30,8,25,324,31,21,73,237,08*73
19:52:17  $GPGSV,2,2,5,31,51,96,30*46
19:52:17  $GLGSV,2,1,7,75,18,110,20,76,21,52,25,77,3,10,,81,46,226,29*6E
19:52:17  $GLGSV,2,2,7,82,2,205,,87,18,10,31,88,61,334,34*5C
19:52:17  $GNGLL,215.034.547,S,432.258.357,W,195217.00,A,A*7D
19:52:17  $GNGGA,195217.00,215.034.547,S,432.258.357,W,1,7,1.26,777.5,M,-6.9,M,,*5A
19:52:18  $GNRMC,195218.00,A,215.034.536,S,432.258.373,W,0.098,,100123,,,A*6B
19:52:18  $GNVTG,,T,,M,0.098,N,0.181,K,A*34
19:52:18  $GNGSA,A,3,31,1,8,3,,,,,,,,,2.46,1.26,2.12*10
19:52:18  $GNGSA,A,3,87,88,81,,,,,,,,,,2.46,1.26,2.12*1E
19:52:18  $GPGSV,2,1,5,1,46,216,31,3,23,228,30,8,25,324,31,21,73,237,09*72
19:52:18  $GPGSV,2,2,5,31,51,96,30*46
19:52:18  $GLGSV,2,1,7,75,18,110,20,76,21,52,26,77,3,10,,81,46,226,29*6D
19:52:18  $GLGSV,2,2,7,82,2,205,,87,18,10,32,88,61,334,34*5F
19:52:18  $GNGLL,215.034.536,S,432.258.373,W,195218.00,A,A*72
19:52:18  $GNGGA,195218.00,215.034.536,S,432.258.373,W,1,7,1.26,778.1,M,-6.9,M,,*5E
19:52:19  $GNRMC,195219.00,A,215.034.521,S,432.258.387,W,0.018,,100123,,,A*6F
19:52:19  $GNVTG,,T,,M,0.018,N,0.034,K,A*33
19:52:19  $GNGSA,A,3,31,1,8,3,,,,,,,,,2.46,1.26,2.12*10
19:52:19  $GNGSA,A,3,87,88,81,,,,,,,,,,2.46,1.26,2.12*1E
19:52:19  $GPGSV,2,1,5,1,46,216,31,3,23,228,30,8,25,324,31,21,73,237,09*72
19:52:19  $GPGSV,2,2,5,31,51,96,30*46
19:52:19  $GLGSV,2,1,7,75,18,110,19,76,21,52,26,77,3,10,,81,46,226,29*67
19:52:19  $GLGSV,2,2,7,82,2,205,,87,18,10,33,88,61,334,34*5E
19:52:19  $GNGLL,215.034.521,S,432.258.387,W,195219.00,A,A*7E
19:52:19  $GNGGA,195219.00,215.034.521,S,432.258.387,W,1,7,1.26,779.0,M,-6.9,M,,*52
19:52:20  $GNRMC,195220.00,A,215.034.510,S,432.258.396,W,0.049,,100123,,,A*63
19:52:20  $GNVTG,,T,,M,0.049,N,0.091,K,A*38
19:52:20  $GNGSA,A,3,31,1,8,21,3,,,,,,,,2.17,1.24,1.78*1A
19:52:20  $GNGSA,A,3,87,88,81,,,,,,,,,,2.17,1.24,1.78*17
19:52:20  $GPGSV,2,1,5,1,46,216,30,3,23,228,30,8,25,324,31,21,73,237,10*7B
19:52:20  $GPGSV,2,2,5,31,51,96,30*46
19:52:20  $GLGSV,2,1,7,75,18,110,19,76,21,52,25,77,3,10,,81,46,226,28*65
19:52:20  $GLGSV,2,2,7,82,2,205,,87,18,10,33,88,61,334,34*5E
19:52:20  $GNGLL,215.034.510,S,432.258.396,W,195220.00,A,A*76
19:52:20  $GNGGA,195220.00,215.034.510,S,432.258.396,W,4,8,1.24,779.7,M,-6.9,M,,*50
19:52:21  $GNRMC,195221.00,A,215.034.494,S,432.258.413,W,0.028,,100123,,,A*62
19:52:21  $GNVTG,,T,,M,0.028,N,0.052,K,A*30
19:52:21  $GNGSA,A,3,31,1,8,21,3,,,,,,,,2.17,1.24,1.78*1A
19:52:21  $GNGSA,A,3,87,88,81,,,,,,,,,,2.17,1.24,1.78*17
19:52:21  $GPGSV,2,1,5,1,46,216,30,3,23,228,29,8,25,324,30,21,73,237,10*72
19:52:21  $GPGSV,2,2,5,31,51,96,30*46
19:52:21  $GLGSV,2,1,7,75,18,110,18,76,21,52,26,77,3,10,,81,46,226,28*67
19:52:21  $GLGSV,2,2,7,82,2,205,,87,18,10,33,88,61,334,34*5E
19:52:21  $GNGLL,215.034.494,S,432.258.413,W,195221.00,A,A*70
19:52:21  $GNGGA,195221.00,215.034.494,S,432.258.413,W,4,8,1.24,780.8,M,-6.9,M,,*5F
19:52:22  $GNRMC,195222.00,A,215.034.488,S,432.258.422,W,0.371,,100123,,,A*61
19:52:22  $GNVTG,,T,,M,0.371,N,0.687,K,A*31
19:52:22  $GNGSA,A,3,31,1,8,21,3,,,,,,,,2.17,1.24,1.78*1A
19:52:22  $GNGSA,A,3,87,88,81,,,,,,,,,,2.17,1.24,1.78*17
19:52:22  $GPGSV,2,1,5,1,46,216,29,3,23,228,28,8,25,324,29,21,73,237,11*72
19:52:22  $GPGSV,2,2,5,31,51,96,29*4E
19:52:22  $GLGSV,2,1,7,75,18,110,16,76,21,52,25,77,3,10,,81,46,227,29*6A
19:52:22  $GLGSV,2,2,7,82,2,205,,87,18,10,32,88,61,334,34*5F
19:52:22  $GNGLL,215.034.488,S,432.258.422,W,195222.00,A,A*7C
19:52:22  $GNGGA,195222.00,215.034.488,S,432.258.422,W,4,8,1.24,781.4,M,-6.9,M,,*5E
19:52:23  $GNRMC,195223.00,A,215.034.478,S,432.258.438,W,0.126,,100123,,,A*64
19:52:23  $GNVTG,,T,,M,0.126,N,0.234,K,A*3D
19:52:23  $GNGSA,A,3,31,1,8,21,3,,,,,,,,2.17,1.24,1.78*1A
19:52:23  $GNGSA,A,3,87,88,81,,,,,,,,,,2.17,1.24,1.78*17
19:52:23  $GPGSV,2,1,5,1,46,216,29,3,23,228,27,8,25,324,28,21,73,237,16*7B
19:52:23  $GPGSV,2,2,5,31,51,96,30*46
19:52:23  $GLGSV,2,1,7,75,18,110,15,76,21,52,24,77,3,10,,81,46,227,29*68
19:52:23  $GLGSV,2,2,7,82,2,205,,87,18,10,31,88,61,334,34*5C
19:52:23  $GNGLL,215.034.478,S,432.258.438,W,195223.00,A,A*79
19:52:23  $GNGGA,195223.00,215.034.478,S,432.258.438,W,4,8,1.24,782.4,M,-6.9,M,,*58
19:52:24  $GNRMC,195224.00,A,215.034.461,S,432.258.450,W,0.126,,100123,,,A*65
19:52:24  $GNVTG,,T,,M,0.126,N,0.234,K,A*3D
19:52:24  $GNGSA,A,3,31,1,8,21,3,,,,,,,,2.17,1.24,1.78*1A
19:52:24  $GNGSA,A,3,87,88,81,,,,,,,,,,2.17,1.24,1.78*17
19:52:24  $GPGSV,2,1,5,1,46,216,27,3,23,228,32,8,25,324,29,21,73,237,20*75
19:52:24  $GPGSV,2,2,5,31,51,96,31*47
19:52:24  $GLGSV,2,1,7,75,18,110,14,76,21,52,24,77,3,10,,81,46,227,28*68
19:52:24  $GLGSV,2,2,7,82,2,205,,87,18,10,32,88,61,334,34*5F
19:52:24  $GNGLL,215.034.461,S,432.258.450,W,195224.00,A,A*78
19:52:24  $GNGGA,195224.00,215.034.461,S,432.258.450,W,5,8,1.24,783.6,M,-6.9,M,,*5A
19:52:25  $GNRMC,195225.00,A,215.034.452,S,432.258.458,W,0.138,,100123,,,A*63
19:52:25  $GNVTG,,T,,M,0.138,N,0.255,K,A*35
19:52:25  $GNGSA,A,3,31,1,8,21,3,,,,,,,,2.17,1.24,1.78*1A
19:52:25  $GNGSA,A,3,87,88,81,,,,,,,,,,2.17,1.24,1.78*17
19:52:25  $GPGSV,2,1,5,1,46,216,27,3,23,228,31,8,25,324,30,21,73,237,21*7F
19:52:25  $GPGSV,2,2,5,31,51,96,30*46
19:52:25  $GLGSV,2,1,7,75,18,110,17,76,21,52,27,77,3,10,,81,46,227,28*68
19:52:25  $GLGSV,2,2,7,82,2,205,,87,18,10,31,88,61,334,34*5C
19:52:25  $GNGLL,215.034.452,S,432.258.458,W,195225.00,A,A*71
19:52:25  $GNGGA,195225.00,215.034.452,S,432.258.458,W,5,8,1.24,784.5,M,-6.9,M,,*57
19:52:26  $GNRMC,195226.00,A,215.034.447,S,432.258.466,W,0.089,,100123,,,A*62
19:52:26  $GNVTG,,T,,M,0.089,N,0.165,K,A*3E
19:52:26  $GNGSA,A,3,31,1,8,21,3,,,,,,,,2.17,1.24,1.78*1A
19:52:26  $GNGSA,A,3,87,88,81,,,,,,,,,,2.17,1.24,1.78*17
19:52:26  $GPGSV,2,1,5,1,46,216,28,3,23,228,32,8,25,324,29,21,73,237,21*7B
19:52:26  $GPGSV,2,2,5,31,51,96,30*46
19:52:26  $GLGSV,2,1,7,75,18,110,18,76,21,52,26,77,3,10,,81,46,227,28*66
19:52:26  $GLGSV,2,2,7,82,2,205,,87,18,10,31,88,61,334,35*5D
19:52:26  $GNGLL,215.034.447,S,432.258.466,W,195226.00,A,A*7B
19:52:26  $GNGGA,195226.00,215.034.447,S,432.258.466,W,5,8,1.24,785.1,M,-6.9,M,,*58
19:52:27  $GNRMC,195227.00,A,215.034.443,S,432.258.475,W,0.062,,100123,,,A*60
19:52:27  $GNVTG,,T,,M,0.062,N,0.115,K,A*3C
19:52:27  $GNGSA,A,3,31,1,8,21,3,,,,,,,,2.17,1.24,1.78*1A
19:52:27  $GNGSA,A,3,87,88,81,,,,,,,,,,2.17,1.24,1.78*17
19:52:27  $GPGSV,2,1,5,1,46,216,27,3,23,228,31,8,25,324,30,21,73,237,22*7C
19:52:27  $GPGSV,2,2,5,31,51,96,30*46
19:52:27  $GLGSV,2,1,7,75,18,110,19,76,21,52,25,77,3,10,,81,46,227,27*6B
19:52:27  $GLGSV,2,2,7,82,2,205,,87,18,10,32,88,61,334,35*5E
19:52:27  $GNGLL,215.034.443,S,432.258.475,W,195227.00,A,A*7C
19:52:27  $GNGGA,195227.00,215.034.443,S,432.258.475,W,5,8,1.24,785.6,M,-6.9,M,,*58
19:52:28  $GNRMC,195228.00,A,215.034.440,S,432.258.481,W,0.103,,100123,,,A*61
19:52:28  $GNVTG,,T,,M,0.103,N,0.191,K,A*36
19:52:28  $GNGSA,A,3,31,1,8,21,3,,,,,,,,2.17,1.24,1.78*1A
19:52:28  $GNGSA,A,3,87,88,81,,,,,,,,,,2.17,1.24,1.78*17
19:52:28  $GPGSV,2,1,5,1,46,216,27,3,23,228,31,8,25,324,29,21,73,237,21*77
19:52:28  $GPGSV,2,2,5,31,51,96,29*4E
19:52:28  $GLGSV,2,1,7,75,18,110,19,76,21,52,25,77,3,10,,81,46,227,27*6B
19:52:28  $GLGSV,2,2,7,82,2,205,,87,18,10,32,88,61,334,35*5E
19:52:28  $GNGLL,215.034.440,S,432.258.481,W,195228.00,A,A*7B
19:52:28  $GNGGA,195228.00,215.034.440,S,432.258.481,W,5,8,1.24,785.9,M,-6.9,M,,*50
19:52:29  $GNRMC,195229.00,A,215.034.438,S,432.258.492,W,0.131,,100123,,,A*6C
19:52:29  $GNVTG,,T,,M,0.131,N,0.243,K,A*3B
19:52:29  $GNGSA,A,3,31,1,8,21,3,,,,,,,,2.17,1.24,1.78*1A
19:52:29  $GNGSA,A,3,87,88,81,,,,,,,,,,2.17,1.24,1.78*17
19:52:29  $GPGSV,2,1,5,1,46,216,28,3,23,228,30,8,25,324,29,21,73,237,21*79
19:52:29  $GPGSV,2,2,5,31,51,96,28*4F
19:52:29  $GLGSV,2,1,7,75,18,110,19,76,21,52,23,77,3,10,,81,46,227,26*6C
19:52:29  $GLGSV,2,2,7,82,2,205,,87,18,10,32,88,61,334,36*5D
19:52:29  $GNGLL,215.034.438,S,432.258.492,W,195229.00,A,A*77
19:52:29  $GNGGA,195229.00,215.034.438,S,432.258.492,W,5,8,1.24,786.3,M,-6.9,M,,*55
19:52:30  $GNRMC,195230.00,A,215.034.433,S,432.258.496,W,0.135,,100123,,,A*6F
19:52:30  $GNVTG,,T,,M,0.135,N,0.251,K,A*3C
19:52:30  $GNGSA,A,3,31,1,8,21,3,,,,,,,,2.46,1.26,2.11*10
19:52:30  $GNGSA,A,3,87,88,81,,,,,,,,,,2.46,1.26,2.11*1D
19:52:30  $GPGSV,2,1,5,1,46,216,28,3,23,228,29,8,25,324,29,21,73,237,22*72
19:52:30  $GPGSV,2,2,5,31,51,96,28*4F
19:52:30  $GLGSV,2,1,7,75,18,110,21,76,21,52,23,77,3,10,,81,46,227,26*67
19:52:30  $GLGSV,2,2,7,82,2,205,,87,18,10,32,88,61,334,35*5E
19:52:30  $GNGLL,215.034.433,S,432.258.496,W,195230.00,A,A*70
19:52:30  $GNGGA,195230.00,215.034.433,S,432.258.496,W,5,8,1.26,786.8,M,-6.9,M,,*5B
19:52:31  $GNRMC,195231.00,A,215.034.427,S,432.258.505,W,0.070,,100123,,,A*60
19:52:31  $GNVTG,,T,,M,0.070,N,0.130,K,A*38
19:52:31  $GNGSA,A,3,31,1,8,21,3,,,,,,,,2.46,1.26,2.11*10
19:52:31  $GNGSA,A,3,87,88,81,,,,,,,,,,2.46,1.26,2.11*1D
19:52:31  $GPGSV,2,1,5,1,46,216,27,3,23,228,29,8,25,324,29,21,73,237,22*7D
19:52:31  $GPGSV,2,2,5,31,51,96,28*4F
19:52:31  $GLGSV,2,1,7,75,18,110,20,76,21,52,25,77,3,10,,81,46,227,25*63
19:52:31  $GLGSV,2,2,7,82,2,205,,87,18,10,31,88,61,334,35*5D
19:52:31  $GNGLL,215.034.427,S,432.258.505,W,195231.00,A,A*7F
19:52:31  $GNGGA,195231.00,215.034.427,S,432.258.505,W,5,8,1.26,787.1,M,-6.9,M,,*5C
19:52:32  $GNRMC,195232.00,A,215.034.423,S,432.258.515,W,0.052,,100123,,,A*66
19:52:32  $GNVTG,,T,,M,0.052,N,0.097,K,A*34
19:52:32  $GNGSA,A,3,31,1,8,21,3,,,,,,,,2.46,1.26,2.11*10
19:52:32  $GNGSA,A,3,87,88,81,,,,,,,,,,2.46,1.26,2.11*1D
19:52:32  $GPGSV,2,1,5,1,46,216,27,3,23,228,30,8,25,324,29,21,73,237,23*74
19:52:32  $GPGSV,2,2,5,31,51,96,28*4F
19:52:32  $GLGSV,2,1,7,75,18,110,20,76,21,52,25,77,3,10,,81,46,227,25*63
19:52:32  $GLGSV,2,2,7,82,2,205,,87,18,10,30,88,61,334,35*5C
19:52:32  $GNGLL,215.034.423,S,432.258.515,W,195232.00,A,A*79
19:52:32  $GNGGA,195232.00,215.034.423,S,432.258.515,W,5,8,1.26,787.3,M,-6.9,M,,*58
19:52:33  $GNRMC,195233.00,A,215.034.417,S,432.258.518,W,0.158,,100123,,,A*66
19:52:33  $GNVTG,,T,,M,0.158,N,0.293,K,A*39
19:52:33  $GNGSA,A,3,31,1,8,21,3,,,,,,,,2.46,1.26,2.11*10
19:52:33  $GNGSA,A,3,87,88,81,,,,,,,,,,2.46,1.26,2.11*1D
19:52:33  $GPGSV,2,1,5,1,46,216,27,3,23,228,30,8,25,324,28,21,73,237,22*74
19:52:33  $GPGSV,2,2,5,31,51,96,28*4F
19:52:33  $GLGSV,2,1,7,75,18,110,21,76,21,52,26,77,3,10,,81,46,227,25*61
19:52:33  $GLGSV,2,2,7,82,2,205,,87,18,10,30,88,61,334,35*5C
19:52:33  $GNGLL,215.034.417,S,432.258.518,W,195233.00,A,A*72
19:52:33  $GNGGA,195233.00,215.034.417,S,432.258.518,W,5,8,1.26,787.5,M,-6.9,M,,*55
19:52:34  $GNRMC,195234.00,A,215.034.415,S,432.258.524,W,0.099,,100123,,,A*60
19:52:34  $GNVTG,,T,,M,0.099,N,0.183,K,A*37
19:52:34  $GNGSA,A,3,31,1,8,21,3,,,,,,,,2.46,1.26,2.11*10
19:52:34  $GNGSA,A,3,87,88,81,,,,,,,,,,2.46,1.26,2.11*1D
19:52:34  $GPGSV,2,1,5,1,46,216,26,3,23,228,29,8,25,324,28,21,73,237,23*7C
19:52:34  $GPGSV,2,2,5,31,51,96,28*4F
19:52:34  $GLGSV,2,1,7,75,18,110,21,76,21,52,25,77,3,10,,81,46,227,26*61
19:52:34  $GLGSV,2,2,7,82,2,205,,87,18,10,31,88,61,334,36*5E
19:52:34  $GNGLL,215.034.415,S,432.258.524,W,195234.00,A,A*78
19:52:34  $GNGGA,195234.00,215.034.415,S,432.258.524,W,1,8,1.26,787.8,M,-6.9,M,,*52
19:52:35  $GNRMC,195235.00,A,215.034.411,S,432.258.530,W,0.095,,100123,,,A*6C
19:52:35  $GNVTG,,T,,M,0.095,N,0.177,K,A*30
19:52:35  $GNGSA,A,3,31,1,8,21,3,,,,,,,,2.46,1.26,2.11*10
19:52:35  $GNGSA,A,3,87,88,81,,,,,,,,,,2.46,1.26,2.11*1D
19:52:35  $GPGSV,2,1,5,1,46,216,26,3,23,228,30,8,25,324,28,21,73,237,23*74
19:52:35  $GPGSV,2,2,5,31,51,96,28*4F
19:52:35  $GLGSV,2,1,7,75,18,110,21,76,21,52,24,77,3,10,,81,46,227,25*63
19:52:35  $GLGSV,2,2,7,82,2,205,,87,18,10,31,88,61,334,35*5D
19:52:35  $GNGLL,215.034.411,S,432.258.530,W,195235.00,A,A*78
19:52:35  $GNGGA,195235.00,215.034.411,S,432.258.530,W,5,8,1.26,788.1,M,-6.9,M,,*54
19:52:36  $GNRMC,195236.00,A,215.034.410,S,432.258.536,W,0.014,,100123,,,A*61
19:52:36  $GNVTG,,T,,M,0.014,N,0.026,K,A*3C
19:52:36  $GNGSA,A,3,31,1,8,21,3,,,,,,,,2.46,1.26,2.11*10
19:52:36  $GNGSA,A,3,87,88,81,,,,,,,,,,2.46,1.26,2.11*1D
19:52:36  $GPGSV,2,1,5,1,46,216,26,3,23,228,30,8,25,324,28,21,73,237,23*74
19:52:36  $GPGSV,2,2,5,31,51,96,28*4F
19:52:36  $GLGSV,2,1,7,75,18,110,20,76,21,52,25,77,3,10,,81,46,227,25*63
19:52:36  $GLGSV,2,2,7,82,2,205,,87,18,10,32,88,61,334,35*5E
19:52:36  $GNGLL,215.034.410,S,432.258.536,W,195236.00,A,A*7C
19:52:36  $GNGGA,195236.00,215.034.410,S,432.258.536,W,1,8,1.26,788.3,M,-6.9,M,,*52
19:52:37  $GNRMC,195237.00,A,215.034.412,S,432.258.546,W,0.033,,100123,,,A*60
19:52:37  $GNVTG,,T,,M,0.033,N,0.060,K,A*3B
19:52:37  $GNGSA,A,3,31,1,8,21,3,,,,,,,,2.46,1.26,2.11*10
19:52:37  $GNGSA,A,3,87,88,81,,,,,,,,,,2.46,1.26,2.11*1D
19:52:37  $GPGSV,2,1,5,1,46,216,26,3,23,228,29,8,25,324,29,21,74,237,21*78
19:52:37  $GPGSV,2,2,5,31,51,96,27*40
19:52:37  $GLGSV,2,1,7,75,18,110,20,76,21,52,25,77,3,10,,81,46,227,25*63
19:52:37  $GLGSV,2,2,7,82,2,205,,87,18,10,32,88,61,334,35*5E
19:52:37  $GNGLL,215.034.412,S,432.258.546,W,195237.00,A,A*78
19:52:37  $GNGGA,195237.00,215.034.412,S,432.258.546,W,1,8,1.26,788.5,M,-6.9,M,,*50
19:52:38  $GNRMC,195238.00,A,215.034.411,S,432.258.558,W,0.032,,100123,,,A*62
19:52:38  $GNVTG,,T,,M,0.032,N,0.059,K,A*30
19:52:38  $GNGSA,A,3,31,1,8,21,3,,,,,,,,2.46,1.26,2.11*10
19:52:38  $GNGSA,A,3,87,88,81,,,,,,,,,,2.46,1.26,2.11*1D
19:52:38  $GPGSV,2,1,5,1,46,216,25,3,23,228,29,8,25,324,28,21,74,237,20*7B
19:52:38  $GPGSV,2,2,5,31,51,96,27*40
19:52:38  $GLGSV,2,1,7,75,18,110,19,76,21,52,25,77,3,10,,81,46,227,25*69
19:52:38  $GLGSV,2,2,7,82,2,205,,87,18,10,32,88,61,334,35*5E
19:52:38  $GNGLL,215.034.411,S,432.258.558,W,195238.00,A,A*7B
19:52:38  $GNGGA,195238.00,215.034.411,S,432.258.558,W,1,8,1.26,788.9,M,-6.9,M,,*5F
19:52:39  $GNRMC,195239.00,A,215.034.411,S,432.258.568,W,0.016,,100123,,,A*66
19:52:39  $GNVTG,,T,,M,0.016,N,0.030,K,A*39
19:52:39  $GNGSA,A,3,31,1,8,21,3,,,,,,,,2.46,1.26,2.11*10
19:52:39  $GNGSA,A,3,87,88,81,,,,,,,,,,2.46,1.26,2.11*1D
19:52:39  $GPGSV,2,1,5,1,46,216,25,3,23,228,29,8,25,324,28,21,74,237,19*71
19:52:39  $GPGSV,2,2,5,31,51,96,27*40
19:52:39  $GLGSV,2,1,7,75,18,110,18,76,21,52,25,77,3,10,,81,46,227,25*68
19:52:39  $GLGSV,2,2,7,82,2,205,,87,18,10,31,88,61,334,34*5C
19:52:39  $GNGLL,215.034.411,S,432.258.568,W,195239.00,A,A*79
19:52:39  $GNGGA,195239.00,215.034.411,S,432.258.568,W,5,8,1.26,789.2,M,-6.9,M,,*57
19:52:40  $GNRMC,195240.00,A,215.034.410,S,432.258.575,W,0.113,,100123,,,A*61
19:52:40  $GNVTG,,T,,M,0.113,N,0.210,K,A*3D
19:52:40  $GNGSA,A,3,31,1,8,21,3,,,,,,,,2.46,1.26,2.11*10
19:52:40  $GNGSA,A,3,87,88,81,,,,,,,,,,2.46,1.26,2.11*1D
19:52:40  $GPGSV,2,1,5,1,46,216,25,3,23,228,28,8,25,324,28,21,74,237,20*7A
19:52:40  $GPGSV,2,2,5,31,51,96,27*40
19:52:40  $GLGSV,2,1,7,75,18,110,18,76,21,52,25,77,3,10,,81,46,227,24*69
19:52:40  $GLGSV,2,2,7,82,2,205,,87,18,10,31,88,61,334,34*5C
19:52:40  $GNGLL,215.034.410,S,432.258.575,W,195240.00,A,A*7A
19:52:40  $GNGGA,195240.00,215.034.410,S,432.258.575,W,1,8,1.26,789.5,M,-6.9,M,,*53
19:52:41  $GNRMC,195241.00,A,215.034.409,S,432.258.586,W,0.031,,100123,,,A*65
19:52:41  $GNVTG,,T,,M,0.031,N,0.058,K,A*32
19:52:41  $GNGSA,A,3,31,1,8,21,3,,,,,,,,2.46,1.26,2.11*10
19:52:41  $GNGSA,A,3,87,88,81,,,,,,,,,,2.46,1.26,2.11*1D
19:52:41  $GPGSV,2,1,5,1,46,216,25,3,23,228,28,8,25,324,29,21,74,237,21*7A
19:52:41  $GPGSV,2,2,5,31,51,96,28*4F
19:52:41  $GLGSV,2,1,7,75,18,110,19,76,21,52,25,77,3,10,,81,46,227,24*68
19:52:41  $GLGSV,2,2,7,82,2,205,,87,18,10,30,88,61,334,35*5C
19:52:41  $GNGLL,215.034.409,S,432.258.586,W,195241.00,A,A*7F
19:52:41  $GNGGA,195241.00,215.034.409,S,432.258.586,W,4,8,1.26,789.9,M,-6.9,M,,*5A
19:52:42  $GNRMC,195242.00,A,215.034.411,S,432.258.596,W,0.192,,100123,,,A*66
19:52:42  $GNVTG,,T,,M,0.192,N,0.356,K,A*37
19:52:42  $GNGSA,A,3,31,1,8,21,3,,,,,,,,2.46,1.26,2.11*10
19:52:42  $GNGSA,A,3,87,88,81,,,,,,,,,,2.46,1.26,2.11*1D
19:52:42  $GPGSV,2,1,5,1,46,216,24,3,23,228,28,8,25,324,29,21,74,237,22*78
19:52:42  $GPGSV,2,2,5,31,51,96,28*4F
19:52:42  $GLGSV,2,1,7,75,18,111,19,76,21,52,27,77,3,10,,81,46,227,23*6C
19:52:42  $GLGSV,2,2,7,82,2,205,,87,18,10,29,88,61,334,34*55
19:52:42  $GNGLL,215.034.411,S,432.258.596,W,195242.00,A,A*74
19:52:42  $GNGGA,195242.00,215.034.411,S,432.258.596,W,4,8,1.26,790.1,M,-6.9,M,,*51
19:52:43  $GNRMC,195243.00,A,215.034.413,S,432.258.604,W,0.153,,100123,,,A*60
19:52:43  $GNVTG,,T,,M,0.153,N,0.284,K,A*34
19:52:43  $GNGSA,A,3,31,1,8,21,3,,,,,,,,2.46,1.26,2.11*10
19:52:43  $GNGSA,A,3,87,88,81,,,,,,,,,,2.46,1.26,2.11*1D
19:52:43  $GPGSV,2,1,5,1,46,216,24,3,23,228,27,8,25,324,29,21,74,237,23*76
19:52:43  $GPGSV,2,2,5,31,51,96,28*4F
19:52:43  $GLGSV,2,1,7,75,18,111,20,76,21,52,27,77,3,10,,81,46,227,23*66
19:52:43  $GLGSV,2,2,7,82,2,205,,87,18,10,29,88,61,334,34*55
19:52:43  $GNGLL,215.034.413,S,432.258.604,W,195243.00,A,A*7F
19:52:43  $GNGGA,195243.00,215.034.413,S,432.258.604,W,4,8,1.26,790.4,M,-6.9,M,,*5F
19:52:44  $GNRMC,195244.00,A,215.034.414,S,432.258.615,W,0.021,,100123,,,A*64
19:52:44  $GNVTG,,T,,M,0.021,N,0.038,K,A*35
19:52:44  $GNGSA,A,3,31,1,8,21,3,,,,,,,,2.46,1.26,2.11*10
19:52:44  $GNGSA,A,3,87,88,81,,,,,,,,,,2.46,1.26,2.11*1D
19:52:44  $GPGSV,2,1,5,1,46,216,24,3,23,228,27,8,25,324,29,21,74,237,23*76
19:52:44  $GPGSV,2,2,5,31,51,96,28*4F
19:52:44  $GLGSV,2,1,7,75,18,111,21,76,21,52,28,77,3,10,,81,46,227,23*68
19:52:44  $GLGSV,2,2,7,82,2,205,,87,18,10,30,88,61,334,34*5D
19:52:44  $GNGLL,215.034.414,S,432.258.615,W,195244.00,A,A*7F
19:52:44  $GNGGA,195244.00,215.034.414,S,432.258.615,W,4,8,1.26,790.6,M,-6.9,M,,*5D
19:52:45  $GNRMC,195245.00,A,215.034.414,S,432.258.626,W,0.076,,100123,,,A*67
19:52:45  $GNVTG,,T,,M,0.076,N,0.141,K,A*38
19:52:45  $GNGSA,A,3,31,1,8,21,3,,,,,,,,2.46,1.26,2.11*10
19:52:45  $GNGSA,A,3,87,88,81,,,,,,,,,,2.46,1.26,2.11*1D
19:52:45  $GPGSV,2,1,5,1,46,216,23,3,23,228,26,8,25,324,28,21,74,237,22*70
19:52:45  $GPGSV,2,2,5,31,51,96,28*4F
19:52:45  $GLGSV,2,1,8,65,25,151,,75,18,111,21,76,21,52,28,77,3,10,*6B
19:52:45  $GLGSV,2,2,8,81,46,227,23,82,2,205,,87,18,10,30,88,61,334,34*6F
19:52:45  $GNGLL,215.034.414,S,432.258.626,W,195245.00,A,A*7E
19:52:45  $GNGGA,195245.00,215.034.414,S,432.258.626,W,4,8,1.26,790.8,M,-6.9,M,,*52
19:52:46  $GNRMC,195246.00,A,215.034.415,S,432.258.641,W,0.055,,100123,,,A*65
19:52:46  $GNVTG,,T,,M,0.055,N,0.103,K,A*3F
19:52:46  $GNGSA,A,3,31,1,8,21,3,,,,,,,,2.46,1.26,2.11*10
19:52:46  $GNGSA,A,3,87,88,81,,,,,,,,,,2.46,1.26,2.11*1D
19:52:46  $GPGSV,2,1,5,1,46,216,22,3,23,228,27,8,25,324,28,21,74,237,22*70
19:52:46  $GPGSV,2,2,5,31,51,96,28*4F
19:52:46  $GLGSV,2,1,8,65,25,151,28,75,18,111,21,76,21,52,28,77,3,10,*61
19:52:46  $GLGSV,2,2,8,81,46,227,23,82,2,205,,87,18,10,31,88,61,334,34*6E
19:52:46  $GNGLL,215.034.415,S,432.258.641,W,195246.00,A,A*7D
19:52:46  $GNGGA,195246.00,215.034.415,S,432.258.641,W,4,8,1.26,791.2,M,-6.9,M,,*5A
19:52:47  $GNRMC,195247.00,A,215.034.416,S,432.258.656,W,0.084,,100123,,,A*6D
19:52:47  $GNVTG,,T,,M,0.084,N,0.156,K,A*33
19:52:47  $GNGSA,A,3,31,1,8,21,3,,,,,,,,2.46,1.26,2.11*10
19:52:47  $GNGSA,A,3,87,88,81,,,,,,,,,,2.46,1.26,2.11*1D
19:52:47  $GPGSV,2,1,5,1,46,216,23,3,23,228,26,8,25,324,28,21,74,237,21*73
19:52:47  $GPGSV,2,2,5,31,51,96,28*4F
19:52:47  $GLGSV,2,1,8,65,25,151,27,75,18,111,20,76,21,52,28,77,3,10,*6F
19:52:47  $GLGSV,2,2,8,81,46,227,23,82,2,205,,87,18,10,31,88,61,334,34*6E
19:52:47  $GNGLL,215.034.416,S,432.258.656,W,195247.00,A,A*79
19:52:47  $GNGGA,195247.00,215.034.416,S,432.258.656,W,4,8,1.26,791.4,M,-6.9,M,,*58
19:52:48  $GNRMC,195248.00,A,215.034.416,S,432.258.671,W,0.045,,100123,,,A*6A
19:52:48  $GNVTG,,T,,M,0.045,N,0.083,K,A*37
19:52:48  $GNGSA,A,3,31,1,8,21,3,,,,,,,,2.46,1.26,2.11*10
19:52:48  $GNGSA,A,3,87,88,81,,,,,,,,,,2.46,1.26,2.11*1D
19:52:48  $GPGSV,2,1,5,1,46,216,23,3,23,228,27,8,25,324,27,21,74,237,22*7E
19:52:48  $GPGSV,2,2,5,31,51,96,28*4F
19:52:48  $GLGSV,2,1,8,65,25,151,27,75,18,111,19,76,21,52,27,77,3,10,*6A
19:52:48  $GLGSV,2,2,8,81,46,227,25,82,2,205,,87,18,10,31,88,61,334,34*68
19:52:48  $GNGLL,215.034.416,S,432.258.671,W,195248.00,A,A*73
19:52:48  $GNGGA,195248.00,215.034.416,S,432.258.671,W,4,8,1.26,791.6,M,-6.9,M,,*50
19:52:49  $GNRMC,195249.00,A,215.034.417,S,432.258.686,W,0.091,,100123,,,A*6B
19:52:49  $GNVTG,,T,,M,0.091,N,0.169,K,A*3B
19:52:49  $GNGSA,A,3,31,1,8,21,3,,,,,,,,2.46,1.26,2.11*10
19:52:49  $GNGSA,A,3,87,88,81,,,,,,,,,,2.46,1.26,2.11*1D
19:52:49  $GPGSV,2,1,5,1,46,216,23,3,23,228,27,8,25,324,27,21,74,237,21*7D
19:52:49  $GPGSV,2,2,5,31,51,96,29*4E
19:52:49  $GLGSV,3,1,9,65,25,151,27,66,39,217,,75,18,111,19,76,21,52,25*64
19:52:49  $GLGSV,3,2,9,77,3,10,,81,46,227,26,82,3,205,,87,18,10,30*6D
19:52:49  $GLGSV,3,3,9,88,61,334,34*58
19:52:49  $GNGLL,215.034.417,S,432.258.686,W,195249.00,A,A*7B
19:52:49  $GNGGA,195249.00,215.034.417,S,432.258.686,W,4,8,1.26,791.7,M,-6.9,M,,*59
19:52:50  $GNRMC,195250.00,A,215.034.417,S,432.258.697,W,0.156,,100123,,,A*69
19:52:50  $GNVTG,,T,,M,0.156,N,0.288,K,A*3D
19:52:50  $GNGSA,A,3,31,1,8,21,3,,,,,,,,2.46,1.26,2.11*10
19:52:50  $GNGSA,A,3,87,88,81,,,,,,,,,,2.46,1.26,2.11*1D
19:52:50  $GPGSV,2,1,5,1,46,216,23,3,23,228,27,8,25,324,27,21,74,237,22*7E
19:52:50  $GPGSV,2,2,5,31,51,96,29*4E
19:52:50  $GLGSV,3,1,9,65,25,151,27,66,39,217,,75,18,111,18,76,21,52,25*65
19:52:50  $GLGSV,3,2,9,77,3,10,,81,46,227,26,82,3,205,,87,18,10,29*65
19:52:50  $GLGSV,3,3,9,88,61,334,34*58
19:52:50  $GNGLL,215.034.417,S,432.258.697,W,195250.00,A,A*73
19:52:50  $GNGGA,195250.00,215.034.417,S,432.258.697,W,3,8,1.26,791.7,M,-6.9,M,,*51
19:52:51  $GNRMC,195251.00,A,215.034.417,S,432.258.701,W,0.101,,100123,,,A*64
19:52:51  $GNVTG,,T,,M,0.101,N,0.188,K,A*3C
19:52:51  $GNGSA,A,3,31,1,8,21,3,,,,,,,,2.46,1.26,2.11*10
19:52:51  $GNGSA,A,3,87,88,81,,,,,,,,,,2.46,1.26,2.11*1D
19:52:51  $GPGSV,2,1,5,1,46,216,23,3,23,228,28,8,25,324,27,21,74,237,21*72
19:52:51  $GPGSV,2,2,5,31,51,96,28*4F
19:52:51  $GLGSV,3,1,9,65,25,151,28,66,39,217,,75,18,111,18,76,21,52,26*69
19:52:51  $GLGSV,3,2,9,77,3,10,,81,46,227,27,82,3,205,,87,18,10,29*64
19:52:51  $GLGSV,3,3,9,88,61,334,34*58
19:52:51  $GNGLL,215.034.417,S,432.258.701,W,195251.00,A,A*7C
19:52:51  $GNGGA,195251.00,215.034.417,S,432.258.701,W,2,8,1.26,791.8,M,-6.9,M,,*51
19:52:52  $GNRMC,195252.00,A,215.034.418,S,432.258.703,W,0.131,,100123,,,A*69
19:52:52  $GNVTG,,T,,M,0.131,N,0.243,K,A*3B
19:52:52  $GNGSA,A,3,31,1,8,21,3,,,,,,,,2.46,1.26,2.11*10
19:52:52  $GNGSA,A,3,87,88,81,,,,,,,,,,2.46,1.26,2.11*1D
19:52:52  $GPGSV,2,1,5,1,46,216,24,3,23,228,28,8,25,324,27,21,74,237,21*75
19:52:52  $GPGSV,2,2,5,31,51,96,27*40
19:52:52  $GLGSV,3,1,9,65,25,151,27,66,39,217,,75,18,111,20,76,21,52,25*6E
19:52:52  $GLGSV,3,2,9,77,3,10,,81,46,227,27,82,3,205,,87,18,10,30*6C
19:52:52  $GLGSV,3,3,9,88,61,334,33*5F
19:52:52  $GNGLL,215.034.418,S,432.258.703,W,195252.00,A,A*72
19:52:52  $GNGGA,195252.00,215.034.418,S,432.258.703,W,4,8,1.26,791.8,M,-6.9,M,,*5F
19:52:53  $GNRMC,195253.00,A,215.034.420,S,432.258.700,W,0.219,,100123,,,A*69
19:52:53  $GNVTG,,T,,M,0.219,N,0.406,K,A*35
19:52:53  $GNGSA,A,3,31,1,8,21,3,,,,,,,,2.46,1.26,2.11*10
19:52:53  $GNGSA,A,3,87,88,81,,,,,,,,,,2.46,1.26,2.11*1D
19:52:53  $GPGSV,2,1,5,1,46,216,25,3,23,228,27,8,25,324,27,21,74,237,20*7A
19:52:53  $GPGSV,2,2,5,31,51,96,26*41
19:52:53  $GLGSV,3,1,10,65,25,151,26,66,39,217,,67,14,269,,75,18,111,19*66
19:52:53  $GLGSV,3,2,10,76,21,52,25,77,3,10,,81,46,227,27,82,3,205,*62
19:52:53  $GLGSV,3,3,10,87,18,10,30,88,61,334,33*63
19:52:53  $GNGLL,215.034.420,S,432.258.700,W,195253.00,A,A*7B
19:52:53  $GNGGA,195253.00,215.034.420,S,432.258.700,W,4,8,1.26,791.8,M,-6.9,M,,*56
19:52:54  $GNRMC,195254.00,A,215.034.426,S,432.258.700,W,0.095,,100123,,,A*6E
19:52:54  $GNVTG,,T,,M,0.095,N,0.176,K,A*31
19:52:54  $GNGSA,A,3,31,1,8,21,3,,,,,,,,2.46,1.26,2.11*10
19:52:54  $GNGSA,A,3,87,88,81,,,,,,,,,,2.46,1.26,2.11*1D
19:52:54  $GPGSV,2,1,5,1,46,216,25,3,23,228,27,8,25,324,27,21,74,237,21*7B
19:52:54  $GPGSV,2,2,5,31,51,96,26*41
19:52:54  $GLGSV,3,1,10,65,25,151,26,66,39,217,,67,14,269,,75,18,111,19*66
19:52:54  $GLGSV,3,2,10,76,21,52,26,77,3,10,,81,46,227,26,82,3,205,*60
19:52:54  $GLGSV,3,3,10,87,18,10,31,88,61,334,34*65
19:52:54  $GNGLL,215.034.426,S,432.258.700,W,195254.00,A,A*7A
19:52:54  $GNGGA,195254.00,215.034.426,S,432.258.700,W,4,8,1.26,791.7,M,-6.9,M,,*58
19:52:55  $GNRMC,195255.00,A,215.034.430,S,432.258.703,W,0.005,,100123,,,A*62
19:52:55  $GNVTG,,T,,M,0.005,N,0.010,K,A*39
19:52:55  $GNGSA,A,3,31,1,8,21,3,,,,,,,,2.46,1.26,2.11*10
19:52:55  $GNGSA,A,3,87,88,81,,,,,,,,,,2.46,1.26,2.11*1D
19:52:55  $GPGSV,2,1,5,1,46,216,25,3,23,228,27,8,25,324,27,21,74,237,21*7B
19:52:55  $GPGSV,2,2,5,31,51,96,25*42
19:52:55  $GLGSV,3,1,10,65,25,151,26,66,39,217,,67,14,269,,75,18,111,19*66
19:52:55  $GLGSV,3,2,10,76,21,52,26,77,3,10,,81,46,227,26,82,3,205,*60
19:52:55  $GLGSV,3,3,10,87,18,10,30,88,61,334,34*64
19:52:55  $GNGLL,215.034.430,S,432.258.703,W,195255.00,A,A*7F
19:52:55  $GNGGA,195255.00,215.034.430,S,432.258.703,W,5,8,1.26,791.7,M,-6.9,M,,*5D
19:52:56  $GNRMC,195256.00,A,215.034.431,S,432.258.705,W,0.148,,100123,,,A*6E
19:52:56  $GNVTG,,T,,M,0.148,N,0.275,K,A*30
19:52:56  $GNGSA,A,3,31,1,8,21,3,,,,,,,,2.46,1.26,2.11*10
19:52:56  $GNGSA,A,3,87,88,81,,,,,,,,,,2.46,1.26,2.11*1D
19:52:56  $GPGSV,2,1,5,1,47,216,25,3,23,228,27,8,25,324,27,21,74,237,22*79
19:52:56  $GPGSV,2,2,5,31,51,96,25*42
19:52:56  $GLGSV,3,1,10,65,25,151,26,66,39,217,19,67,14,269,,75,18,111,19*6E
19:52:56  $GLGSV,3,2,10,76,21,52,26,77,3,10,,81,46,227,26,82,3,205,*60
19:52:56  $GLGSV,3,3,10,87,18,10,31,88,61,334,33*62
19:52:56  $GNGLL,215.034.431,S,432.258.705,W,195256.00,A,A*7B
19:52:56  $GNGGA,195256.00,215.034.431,S,432.258.705,W,5,8,1.26,791.7,M,-6.9,M,,*59
19:52:57  $GNRMC,195257.00,A,215.034.432,S,432.258.708,W,0.171,,100123,,,A*6B
19:52:57  $GNVTG,,T,,M,0.171,N,0.317,K,A*3F
19:52:57  $GNGSA,A,3,31,1,8,21,3,,,,,,,,2.46,1.26,2.11*10
19:52:57  $GNGSA,A,3,87,88,81,,,,,,,,,,2.46,1.26,2.11*1D
19:52:57  $GPGSV,2,1,5,1,47,216,24,3,23,228,27,8,25,324,27,21,74,237,22*78
19:52:57  $GPGSV,2,2,5,31,51,96,25*42
19:52:57  $GLGSV,3,1,10,65,25,151,26,66,39,217,19,67,14,269,,75,18,111,18*6F
19:52:57  $GLGSV,3,2,10,76,21,52,26,77,3,10,,81,46,227,26,82,3,205,*60
19:52:57  $GLGSV,3,3,10,87,18,10,31,88,61,334,33*62
19:52:57  $GNGLL,215.034.432,S,432.258.708,W,195257.00,A,A*74
19:52:57  $GNGGA,195257.00,215.034.432,S,432.258.708,W,5,8,1.26,791.7,M,-6.9,M,,*56
19:52:58  $GNRMC,195258.00,A,215.034.430,S,432.258.711,W,0.114,,100123,,,A*6D
19:52:58  $GNVTG,,T,,M,0.114,N,0.211,K,A*3B
19:52:58  $GNGSA,A,3,31,1,8,21,3,,,,,,,,2.46,1.26,2.11*10
19:52:58  $GNGSA,A,3,87,88,81,,,,,,,,,,2.46,1.26,2.11*1D
19:52:58  $GPGSV,2,1,5,1,47,216,24,3,23,228,27,8,24,324,27,21,74,237,22*79
19:52:58  $GPGSV,2,2,5,31,51,96,25*42
19:52:58  $GLGSV,3,1,10,65,25,151,26,66,39,217,18,67,14,269,,75,18,111,16*60
19:52:58  $GLGSV,3,2,10,76,21,52,25,77,3,10,,81,46,227,25,82,3,205,*60
19:52:58  $GLGSV,3,3,10,87,18,10,30,88,61,334,33*63
19:52:58  $GNGLL,215.034.430,S,432.258.711,W,195258.00,A,A*71
19:52:58  $GNGGA,195258.00,215.034.430,S,432.258.711,W,5,8,1.26,791.7,M,-6.9,M,,*53
19:52:59  $GNRMC,195259.00,A,215.034.430,S,432.258.711,W,0.269,,100123,,,A*65
19:52:59  $GNVTG,,T,,M,0.269,N,0.499,K,A*34
19:52:59  $GNGSA,A,3,31,1,8,21,3,,,,,,,,2.46,1.26,2.11*10
19:52:59  $GNGSA,A,3,87,88,81,,,,,,,,,,2.46,1.26,2.11*1D
19:52:59  $GPGSV,2,1,5,1,47,216,24,3,23,228,27,8,24,324,28,21,74,237,22*76
19:52:59  $GPGSV,2,2,5,31,51,96,24*43
19:52:59  $GLGSV,3,1,10,65,25,151,26,66,39,217,19,67,14,269,,75,18,111,15*62
19:52:59  $GLGSV,3,2,10,76,21,52,24,77,3,10,,81,46,227,26,82,3,205,*62
19:52:59  $GLGSV,3,3,10,87,18,10,30,88,61,334,33*63
19:52:59  $GNGLL,215.034.430,S,432.258.711,W,195259.00,A,A*70
19:52:59  $GNGGA,195259.00,215.034.430,S,432.258.711,W,1,8,1.26,791.6,M,-6.9,M,,*53
19:53:00  $GNRMC,195300.00,A,215.034.432,S,432.258.704,W,0.140,,100123,,,A*66
19:53:00  $GNVTG,,T,,M,0.140,N,0.259,K,A*36
19:53:00  $GNGSA,A,3,31,1,8,21,3,,,,,,,,2.17,1.24,1.78*1A
19:53:00  $GNGSA,A,3,87,88,81,,,,,,,,,,2.17,1.24,1.78*17
19:53:00  $GPGSV,2,1,5,1,47,216,24,3,23,228,26,8,24,324,27,21,74,237,21*7B
19:53:00  $GPGSV,2,2,5,31,51,96,24*43
19:53:00  $GLGSV,3,1,10,65,25,151,26,66,39,217,19,67,14,269,20,75,18,111,13*66
19:53:00  $GLGSV,3,2,10,76,21,52,24,77,3,10,,81,46,227,26,82,3,205,*62
19:53:00  $GLGSV,3,3,10,87,18,10,30,88,61,334,33*63
19:53:00  $GNGLL,215.034.432,S,432.258.704,W,195300.00,A,A*7B
19:53:00  $GNGGA,195300.00,215.034.432,S,432.258.704,W,1,8,1.24,791.5,M,-6.9,M,,*59
19:53:01  $GNRMC,195301.00,A,215.034.434,S,432.258.695,W,0.049,,100123,,,A*60
19:53:01  $GNVTG,,T,,M,0.049,N,0.091,K,A*38
19:53:01  $GNGSA,A,3,31,1,8,21,3,,,,,,,,2.17,1.24,1.78*1A
19:53:01  $GNGSA,A,3,87,88,81,,,,,,,,,,2.17,1.24,1.78*17
19:53:01  $GPGSV,2,1,5,1,47,216,24,3,23,228,27,8,24,324,27,21,74,237,20*7B
19:53:01  $GPGSV,2,2,5,31,51,96,24*43
19:53:01  $GLGSV,3,1,10,65,25,151,26,66,39,217,19,67,14,269,20,75,18,111,14*61
19:53:01  $GLGSV,3,2,10,76,21,52,25,77,3,10,,81,46,227,26,82,3,205,*63
19:53:01  $GLGSV,3,3,10,87,18,10,30,88,61,334,33*63
19:53:01  $GNGLL,215.034.434,S,432.258.695,W,195301.00,A,A*75
19:53:01  $GNGGA,195301.00,215.034.434,S,432.258.695,W,1,8,1.24,791.3,M,-6.9,M,,*51
19:53:02  $GNRMC,195302.00,A,215.034.434,S,432.258.692,W,0.282,,100123,,,A*61
19:53:02  $GNVTG,,T,,M,0.282,N,0.521,K,A*33
19:53:02  $GNGSA,A,3,31,1,8,21,3,,,,,,,,2.17,1.24,1.78*1A
19:53:02  $GNGSA,A,3,87,88,81,,,,,,,,,,2.17,1.24,1.78*17
19:53:02  $GPGSV,2,1,5,1,47,216,23,3,23,228,27,8,24,324,27,21,74,237,20*7C
19:53:02  $GPGSV,2,2,5,31,51,96,24*43
19:53:02  $GLGSV,3,1,10,65,25,151,25,66,39,217,19,67,14,269,19,75,18,111,14*68
19:53:02  $GLGSV,3,2,10,76,21,52,25,77,3,10,,81,46,227,26,82,3,205,*63
19:53:02  $GLGSV,3,3,10,87,18,10,30,88,61,334,33*63
19:53:02  $GNGLL,215.034.434,S,432.258.692,W,195302.00,A,A*71
19:53:02  $GNGGA,195302.00,215.034.434,S,432.258.692,W,5,8,1.24,791.2,M,-6.9,M,,*54
19:53:03  $GNRMC,195303.00,A,215.034.435,S,432.258.688,W,0.451,,100123,,,A*62
19:53:03  $GNVTG,,T,,M,0.451,N,0.836,K,A*30
19:53:03  $GNGSA,A,3,31,1,8,21,3,,,,,,,,2.17,1.24,1.78*1A
19:53:03  $GNGSA,A,3,87,88,81,,,,,,,,,,2.17,1.24,1.78*17
19:53:03  $GPGSV,2,1,5,1,47,216,23,3,23,228,27,8,24,324,27,21,74,238,19*79
19:53:03  $GPGSV,2,2,5,31,51,96,24*43
19:53:03  $GLGSV,3,1,10,65,25,151,26,66,39,217,19,67,14,269,17,75,18,111,15*64
19:53:03  $GLGSV,3,2,10,76,21,52,25,77,3,10,,81,46,227,27,82,3,205,*62
19:53:03  $GLGSV,3,3,10,87,18,10,30,88,61,334,33*63
19:53:03  $GNGLL,215.034.435,S,432.258.688,W,195303.00,A,A*7A
19:53:03  $GNGGA,195303.00,215.034.435,S,432.258.688,W,5,8,1.24,791.1,M,-6.9,M,,*5C
19:53:04  $GNRMC,195304.00,A,215.034.438,S,432.258.681,W,0.199,,100123,,,A*60
19:53:04  $GNVTG,,T,,M,0.199,N,0.369,K,A*30
19:53:04  $GNGSA,A,3,31,1,8,21,3,,,,,,,,2.17,1.24,1.78*1A
19:53:04  $GNGSA,A,3,87,88,81,,,,,,,,,,2.17,1.24,1.78*17
19:53:04  $GPGSV,2,1,5,1,47,216,23,3,23,228,27,8,24,324,27,21,74,238,19*79
19:53:04  $GPGSV,2,2,5,31,51,97,24*42
19:53:04  $GLGSV,3,1,10,65,25,151,25,66,39,217,19,67,14,269,15,75,18,111,16*66
19:53:04  $GLGSV,3,2,10,76,21,52,26,77,3,10,,81,46,227,27,82,3,205,*61
19:53:04  $GLGSV,3,3,10,87,18,10,31,88,61,334,33*62
19:53:04  $GNGLL,215.034.438,S,432.258.681,W,195304.00,A,A*79
19:53:04  $GNGGA,195304.00,215.034.438,S,432.258.681,W,5,8,1.24,790.9,M,-6.9,M,,*56
19:53:05  $GNRMC,195305.00,A,215.034.440,S,432.258.675,W,0.027,,100123,,,A*61
19:53:05  $GNVTG,,T,,M,0.027,N,0.051,K,A*3C
19:53:05  $GNGSA,A,3,31,1,8,21,3,,,,,,,,2.17,1.24,1.78*1A
19:53:05  $GNGSA,A,3,87,88,81,,,,,,,,,,2.17,1.24,1.78*17
19:53:05  $GPGSV,2,1,5,1,47,216,24,3,23,228,27,8,24,324,27,21,74,238,20*74
19:53:05  $GPGSV,2,2,5,31,51,97,25*43
19:53:05  $GLGSV,3,1,10,65,25,151,25,66,39,217,19,67,14,269,17,75,18,111,18*6A
19:53:05  $GLGSV,3,2,10,76,21,52,27,77,3,10,,81,46,227,27,82,3,205,*60
19:53:05  $GLGSV,3,3,10,87,18,10,31,88,61,334,34*65
19:53:05  $GNGLL,215.034.440,S,432.258.675,W,195305.00,A,A*7C
19:53:05  $GNGGA,195305.00,215.034.440,S,432.258.675,W,5,8,1.24,790.7,M,-6.9,M,,*5D
19:53:06  $GNRMC,195306.00,A,215.034.456,S,432.258.630,W,1.128,102.86,100123,,,A*78
19:53:06  $GNVTG,102.86,T,,M,1.128,N,2.090,K,A*2F
19:53:06  $GNGSA,A,3,31,1,8,21,3,,,,,,,,2.17,1.24,1.77*15
19:53:06  $GNGSA,A,3,87,88,81,,,,,,,,,,2.17,1.24,1.77*18
19:53:06  $GPGSV,2,1,5,1,47,216,23,3,23,228,27,8,24,324,26,21,74,238,18*79
19:53:06  $GPGSV,2,2,5,31,51,97,24*42
19:53:06  $GLGSV,3,1,10,65,25,151,25,66,39,217,20,67,14,269,19,75,18,111,17*61
19:53:06  $GLGSV,3,2,10,76,21,52,26,77,3,10,,81,46,227,27,82,3,205,*61
19:53:06  $GLGSV,3,3,10,87,18,10,30,88,61,334,33*63
19:53:06  $GNGLL,215.034.456,S,432.258.630,W,195306.00,A,A*79
19:53:06  $GNGGA,195306.00,215.034.456,S,432.258.630,W,5,8,1.24,790.7,M,-6.9,M,,*58
19:53:07  $GNRMC,195307.00,A,215.034.453,S,432.258.630,W,0.234,,100123,,,A*60
19:53:07  $GNVTG,,T,,M,0.234,N,0.433,K,A*3C
19:53:07  $GNGSA,A,3,31,1,8,21,3,,,,,,,,1.92,1.06,1.60*1D
19:53:07  $GNGSA,A,3,87,88,76,81,,,,,,,,,1.92,1.06,1.60*11
19:53:07  $GPGSV,2,1,5,1,47,216,23,3,23,228,26,8,24,324,26,21,74,238,19*79
19:53:07  $GPGSV,2,2,5,31,51,97,24*42
19:53:07  $GLGSV,3,1,10,65,25,151,25,66,39,217,19,67,14,269,21,75,18,111,16*61
19:53:07  $GLGSV,3,2,10,76,21,53,26,77,3,10,,81,46,227,27,82,3,205,*60
19:53:07  $GLGSV,3,3,10,87,18,10,30,88,61,334,33*63
19:53:07  $GNGLL,215.034.453,S,432.258.630,W,195307.00,A,A*7D
19:53:07  $GNGGA,195307.00,215.034.453,S,432.258.630,W,5,9,1.06,790.7,M,-6.9,M,,*5D
19:53:08  $GNRMC,195308.00,A,215.034.452,S,432.258.625,W,0.079,,100123,,,A*61
19:53:08  $GNVTG,,T,,M,0.079,N,0.147,K,A*31
19:53:08  $GNGSA,A,3,31,1,8,21,3,,,,,,,,1.92,1.06,1.60*1D
19:53:08  $GNGSA,A,3,87,88,76,81,,,,,,,,,1.92,1.06,1.60*11
19:53:08  $GPGSV,2,1,5,1,47,216,23,3,23,228,26,8,24,324,26,21,74,238,20*73
19:53:08  $GPGSV,2,2,5,31,51,97,25*43
19:53:08  $GLGSV,3,1,10,65,25,151,24,66,39,217,19,67,14,269,22,75,18,111,17*62
19:53:08  $GLGSV,3,2,10,76,21,53,26,77,3,10,,81,46,227,27,82,3,205,*60
19:53:08  $GLGSV,3,3,10,87,18,10,29,88,61,334,33*6B
19:53:08  $GNGLL,215.034.452,S,432.258.625,W,195308.00,A,A*77
19:53:08  $GNGGA,195308.00,215.034.452,S,432.258.625,W,4,9,1.06,790.5,M,-6.9,M,,*55
19:53:09  $GNRMC,195309.00,A,215.034.450,S,432.258.622,W,0.040,,100123,,,A*6F
19:53:09  $GNVTG,,T,,M,0.040,N,0.074,K,A*3A
19:53:09  $GNGSA,A,3,31,1,8,21,3,,,,,,,,1.92,1.06,1.60*1D
19:53:09  $GNGSA,A,3,87,88,76,81,,,,,,,,,1.92,1.06,1.60*11
19:53:09  $GPGSV,2,1,5,1,47,216,24,3,23,228,26,8,24,324,26,21,74,238,21*75
19:53:09  $GPGSV,2,2,5,31,51,97,26*40
19:53:09  $GLGSV,3,1,10,65,25,151,24,66,39,217,20,67,14,269,24,75,18,111,19*60
19:53:09  $GLGSV,3,2,10,76,21,53,27,77,3,10,,81,46,227,28,82,3,205,*6E
19:53:09  $GLGSV,3,3,10,87,18,10,30,88,61,334,34*64
19:53:09  $GNGLL,215.034.450,S,432.258.622,W,195309.00,A,A*73
19:53:09  $GNGGA,195309.00,215.034.450,S,432.258.622,W,4,9,1.06,790.1,M,-6.9,M,,*55
19:53:10  $GNRMC,195310.00,A,215.034.445,S,432.258.621,W,0.205,,100123,,,A*63
19:53:10  $GNVTG,,T,,M,0.205,N,0.380,K,A*31
19:53:10  $GNGSA,A,3,31,1,8,21,3,,,,,,,,1.92,1.06,1.60*1D
19:53:10  $GNGSA,A,3,87,88,76,81,,,,,,,,,1.92,1.06,1.60*11
19:53:10  $GPGSV,2,1,5,1,47,216,26,3,23,228,26,8,24,324,25,21,74,238,22*77
19:53:10  $GPGSV,2,2,5,31,51,97,26*40
19:53:10  $GLGSV,3,1,10,65,25,151,23,66,39,217,22,67,14,269,23,75,18,111,20*68
19:53:10  $GLGSV,3,2,10,76,21,53,27,77,3,10,,81,46,227,27,82,3,205,*61
19:53:10  $GLGSV,3,3,10,87,18,10,30,88,61,334,33*63
19:53:10  $GNGLL,215.034.445,S,432.258.621,W,195310.00,A,A*7C
19:53:10  $GNGGA,195310.00,215.034.445,S,432.258.621,W,4,9,1.06,789.8,M,-6.9,M,,*5B
19:53:11  $GNRMC,195311.00,A,215.034.438,S,432.258.626,W,0.348,,100123,,,A*67
19:53:11  $GNVTG,,T,,M,0.348,N,0.644,K,A*34
19:53:11  $GNGSA,A,3,31,1,8,21,3,,,,,,,,1.92,1.06,1.60*1D
19:53:11  $GNGSA,A,3,87,88,76,81,,,,,,,,,1.92,1.06,1.60*11
19:53:11  $GPGSV,2,1,5,1,47,216,26,3,23,228,27,8,24,324,25,21,74,238,22*76
19:53:11  $GPGSV,2,2,5,31,51,97,25*43
19:53:11  $GLGSV,3,1,10,65,25,151,22,66,39,217,22,67,14,269,23,75,18,111,19*63
19:53:11  $GLGSV,3,2,10,76,21,53,26,77,3,10,,81,46,227,27,82,3,205,*60
19:53:11  $GLGSV,3,3,10,87,18,10,29,88,61,334,32*6A
19:53:11  $GNGLL,215.034.438,S,432.258.626,W,195311.00,A,A*70
19:53:11  $GNGGA,195311.00,215.034.438,S,432.258.626,W,4,9,1.06,789.6,M,-6.9,M,,*59
19:53:12  $GNRMC,195312.00,A,215.034.431,S,432.258.631,W,0.044,,100123,,,A*64
19:53:12  $GNVTG,,T,,M,0.044,N,0.081,K,A*34
19:53:12  $GNGSA,A,3,31,1,8,21,3,,,,,,,,2.15,1.07,1.87*19
19:53:12  $GNGSA,A,3,87,88,76,81,,,,,,,,,2.15,1.07,1.87*15
19:53:12  $GPGSV,2,1,5,1,47,216,26,3,23,228,26,8,24,324,25,21,74,238,21*74
19:53:12  $GPGSV,2,2,5,31,51,97,24*42
19:53:12  $GLGSV,3,1,10,65,25,151,23,66,39,217,22,67,14,269,24,75,18,111,19*65
19:53:12  $GLGSV,3,2,10,76,21,53,25,77,3,10,,81,46,227,27,82,3,205,*63
19:53:12  $GLGSV,3,3,10,87,18,10,30,88,61,334,31*61
19:53:12  $GNGLL,215.034.431,S,432.258.631,W,195312.00,A,A*7C
19:53:12  $GNGGA,195312.00,215.034.431,S,432.258.631,W,4,9,1.07,789.4,M,-6.9,M,,*56
19:53:13  $GNRMC,195313.00,A,215.034.427,S,432.258.633,W,0.301,,100123,,,A*62
19:53:13  $GNVTG,,T,,M,0.301,N,0.557,K,A*38
19:53:13  $GNGSA,A,3,31,1,8,21,3,,,,,,,,2.15,1.07,1.87*19
19:53:13  $GNGSA,A,3,87,88,76,81,,,,,,,,,2.15,1.07,1.87*15
19:53:13  $GPGSV,2,1,6,1,47,216,26,3,23,228,25,8,24,324,25,21,74,238,21*74
19:53:13  $GPGSV,2,2,6,22,45,155,,31,51,97,24*71
19:53:13  $GLGSV,3,1,10,65,25,151,22,66,39,217,22,67,14,269,25,75,18,111,19*65
19:53:13  $GLGSV,3,2,10,76,21,53,26,77,3,10,,81,46,227,28,82,3,205,*6F
19:53:13  $GLGSV,3,3,10,87,18,10,31,88,61,334,32*63
19:53:13  $GNGLL,215.034.427,S,432.258.633,W,195313.00,A,A*78
19:53:13  $GNGGA,195313.00,215.034.427,S,432.258.633,W,1,9,1.07,789.4,M,-6.9,M,,*52
19:53:14  $GNRMC,195314.00,A,215.034.421,S,432.258.639,W,0.135,,100123,,,A*6C
19:53:14  $GNVTG,,T,,M,0.135,N,0.250,K,A*3D
19:53:14  $GNGSA,A,3,31,1,8,21,3,,,,,,,,2.15,1.07,1.87*19
19:53:14  $GNGSA,A,3,87,88,76,81,,,,,,,,,2.15,1.07,1.87*15
19:53:14  $GPGSV,2,1,6,1,47,216,25,3,23,228,26,8,24,324,26,21,74,238,21*77
19:53:14  $GPGSV,2,2,6,22,45,155,,31,51,97,24*71
19:53:14  $GLGSV,3,1,10,65,25,151,23,66,39,217,22,67,14,269,26,75,18,111,21*6C
19:53:14  $GLGSV,3,2,10,76,21,53,26,77,3,10,,81,46,227,29,82,3,205,*6E
19:53:14  $GLGSV,3,3,10,87,18,10,32,88,61,334,32*60
19:53:14  $GNGLL,215.034.421,S,432.258.639,W,195314.00,A,A*73
19:53:14  $GNGGA,195314.00,215.034.421,S,432.258.639,W,1,9,1.07,789.5,M,-6.9,M,,*58
19:53:15  $GNRMC,195315.00,A,215.034.417,S,432.258.640,W,0.066,,100123,,,A*61
19:53:15  $GNVTG,,T,,M,0.066,N,0.122,K,A*3C
19:53:15  $GNGSA,A,3,31,1,8,21,3,,,,,,,,1.92,1.06,1.60*1D
19:53:15  $GNGSA,A,3,87,88,76,81,,,,,,,,,1.92,1.06,1.60*11
19:53:15  $GPGSV,2,1,6,1,47,216,23,3,23,228,28,8,24,324,27,21,74,238,22*7D
19:53:15  $GPGSV,2,2,6,22,45,155,27,31,51,97,25*75
19:53:15  $GLGSV,3,1,10,65,25,151,23,66,39,217,22,67,14,269,27,75,18,111,22*6E
19:53:15  $GLGSV,3,2,10,76,21,53,26,77,3,10,,81,46,227,28,82,3,205,*6F
19:53:15  $GLGSV,3,3,10,87,18,10,32,88,61,334,32*60
19:53:15  $GNGLL,215.034.417,S,432.258.640,W,195315.00,A,A*79
19:53:15  $GNGGA,195315.00,215.034.417,S,432.258.640,W,4,9,1.06,789.3,M,-6.9,M,,*55
19:53:16  $GNRMC,195316.00,A,215.034.416,S,432.258.638,W,0.138,,100123,,,A*66
19:53:16  $GNVTG,,T,,M,0.138,N,0.255,K,A*35
19:53:16  $GNGSA,A,3,31,1,8,21,3,,,,,,,,1.92,1.06,1.60*1D
19:53:16  $GNGSA,A,3,87,88,76,81,,,,,,,,,1.92,1.06,1.60*11
19:53:16  $GPGSV,2,1,6,1,47,216,21,3,23,228,28,8,24,324,27,21,74,238,21*7C
19:53:16  $GPGSV,2,2,6,22,45,155,25,31,51,97,25*77
19:53:16  $GLGSV,3,1,10,65,25,151,22,66,39,217,22,67,14,269,27,75,18,111,22*6F
19:53:16  $GLGSV,3,2,10,76,21,53,26,77,3,10,,81,46,227,28,82,3,205,*6F
19:53:16  $GLGSV,3,3,10,87,18,10,31,88,61,334,32*63
19:53:16  $GNGLL,215.034.416,S,432.258.638,W,195316.00,A,A*74
19:53:16  $GNGGA,195316.00,215.034.416,S,432.258.638,W,4,9,1.06,789.4,M,-6.9,M,,*5F
19:53:17  $GNRMC,195317.00,A,215.034.413,S,432.258.636,W,0.140,,100123,,,A*63
19:53:17  $GNVTG,,T,,M,0.140,N,0.259,K,A*36
19:53:17  $GNGSA,A,3,31,1,8,21,3,,,,,,,,1.92,1.06,1.60*1D
19:53:17  $GNGSA,A,3,87,88,76,81,,,,,,,,,1.92,1.06,1.60*11
19:53:17  $GPGSV,2,1,6,1,47,216,20,3,23,228,28,8,24,324,27,21,74,238,22*7E
19:53:17  $GPGSV,2,2,6,22,45,155,25,31,51,97,25*77
19:53:17  $GLGSV,3,1,10,65,25,151,22,66,39,217,22,67,14,269,28,75,18,111,22*60
19:53:17  $GLGSV,3,2,10,76,21,53,25,77,3,10,,81,46,227,28,82,3,205,*6C
19:53:17  $GLGSV,3,3,10,87,18,10,31,88,61,334,32*63
19:53:17  $GNGLL,215.034.413,S,432.258.636,W,195317.00,A,A*7E
19:53:17  $GNGGA,195317.00,215.034.413,S,432.258.636,W,4,9,1.06,789.3,M,-6.9,M,,*52
19:53:18  $GNRMC,195318.00,A,215.034.404,S,432.258.639,W,0.283,,100123,,,A*69
19:53:18  $GNVTG,,T,,M,0.283,N,0.525,K,A*36
19:53:18  $GNGSA,A,3,31,1,8,21,3,,,,,,,,1.92,1.06,1.60*1D
19:53:18  $GNGSA,A,3,87,88,76,81,,,,,,,,,1.92,1.06,1.60*11
19:53:18  $GPGSV,2,1,6,1,47,216,21,3,23,228,28,8,24,324,28,21,74,238,24*76
19:53:18  $GPGSV,2,2,6,22,45,155,25,31,51,97,26*74
19:53:18  $GLGSV,3,1,10,65,25,151,21,66,39,217,21,67,14,269,28,75,18,111,23*61
19:53:18  $GLGSV,3,2,10,76,21,53,24,77,3,10,20,81,46,227,28,82,3,205,*6F
19:53:18  $GLGSV,3,3,10,87,18,10,30,88,61,334,32*62
19:53:18  $GNGLL,215.034.404,S,432.258.639,W,195318.00,A,A*78
19:53:18  $GNGGA,195318.00,215.034.404,S,432.258.639,W,4,9,1.06,789.3,M,-6.9,M,,*54
19:53:19  $GNRMC,195319.00,A,215.034.400,S,432.258.629,W,0.023,,100123,,,A*65
19:53:19  $GNVTG,,T,,M,0.023,N,0.043,K,A*3B
19:53:19  $GNGSA,A,3,31,1,8,21,3,,,,,,,,1.92,1.06,1.60*1D
19:53:19  $GNGSA,A,3,87,88,76,81,,,,,,,,,1.92,1.06,1.60*11
19:53:19  $GPGSV,2,1,6,1,47,216,22,3,23,228,28,8,24,324,30,21,74,238,25*7D
19:53:19  $GPGSV,2,2,6,22,45,155,26,31,51,97,27*76
19:53:19  $GLGSV,3,1,10,65,25,151,21,66,39,217,20,67,14,269,28,75,18,111,23*60
19:53:19  $GLGSV,3,2,10,76,21,53,24,77,3,10,19,81,46,227,28,82,3,205,*65
19:53:19  $GLGSV,3,3,10,87,18,10,30,88,61,334,32*62
19:53:19  $GNGLL,215.034.400,S,432.258.629,W,195319.00,A,A*7C
19:53:19  $GNGGA,195319.00,215.034.400,S,432.258.629,W,1,9,1.06,789.3,M,-6.9,M,,*50
19:53:20  $GNRMC,195320.00,A,215.034.400,S,432.258.621,W,0.143,,100123,,,A*60
19:53:20  $GNVTG,,T,,M,0.143,N,0.265,K,A*3A
19:53:20  $GNGSA,A,3,31,1,8,21,3,,,,,,,,1.92,1.06,1.60*1D
19:53:20  $GNGSA,A,3,87,88,76,81,,,,,,,,,1.92,1.06,1.60*11
19:53:20  $GPGSV,2,1,6,1,47,216,21,3,23,228,28,8,24,324,30,21,74,238,25*7E
19:53:20  $GPGSV,2,2,6,22,45,155,26,31,51,97,27*76
19:53:20  $GLGSV,3,1,10,65,25,151,21,66,39,217,20,67,14,269,28,75,18,111,23*60
19:53:20  $GLGSV,3,2,10,76,21,53,24,77,3,10,18,81,46,227,29,82,3,205,*65
19:53:20  $GLGSV,3,3,10,87,18,10,31,88,61,334,32*63
19:53:20  $GNGLL,215.034.400,S,432.258.621,W,195320.00,A,A*7E
19:53:20  $GNGGA,195320.00,215.034.400,S,432.258.621,W,1,9,1.06,789.2,M,-6.9,M,,*53
19:53:21  $GNRMC,195321.00,A,215.034.397,S,432.258.618,W,0.195,,100123,,,A*69
19:53:21  $GNVTG,,T,,M,0.195,N,0.361,K,A*34
19:53:21  $GNGSA,A,3,31,1,8,21,3,,,,,,,,1.92,1.06,1.60*1D
19:53:21  $GNGSA,A,3,87,88,76,81,,,,,,,,,1.92,1.06,1.60*11
19:53:21  $GPGSV,2,1,6,1,47,216,20,3,23,228,28,8,24,324,29,21,74,238,24*76
19:53:21  $GPGSV,2,2,6,22,45,155,25,31,51,97,25*77
19:53:21  $GLGSV,3,1,10,65,25,151,21,66,39,217,19,67,14,269,27,75,18,111,22*64
19:53:21  $GLGSV,3,2,10,76,21,53,23,77,3,10,16,81,46,227,28,82,3,205,*6D
19:53:21  $GLGSV,3,3,10,87,18,10,31,88,61,334,32*63
19:53:21  $GNGLL,215.034.397,S,432.258.618,W,195321.00,A,A*7C
19:53:21  $GNGGA,195321.00,215.034.397,S,432.258.618,W,3,9,1.06,789.3,M,-6.9,M,,*50
19:53:22  $GNRMC,195322.00,A,215.034.395,S,432.258.615,W,0.213,,100123,,,A*68
19:53:22  $GNVTG,,T,,M,0.213,N,0.395,K,A*32
19:53:22  $GNGSA,A,3,31,1,8,21,3,,,,,,,,1.92,1.06,1.60*1D
19:53:22  $GNGSA,A,3,87,88,76,81,,,,,,,,,1.92,1.06,1.60*11
19:53:22  $GPGSV,2,1,6,1,47,216,19,3,23,228,28,8,24,324,30,21,74,238,23*73
19:53:22  $GPGSV,2,2,6,22,45,155,25,31,51,97,25*77
19:53:22  $GLGSV,3,1,10,65,25,151,20,66,39,217,17,67,14,269,26,75,18,111,21*69
19:53:22  $GLGSV,3,2,10,76,21,53,21,77,3,10,16,81,46,227,28,82,3,205,*6F
19:53:22  $GLGSV,3,3,10,87,18,10,30,88,61,334,31*61
19:53:22  $GNGLL,215.034.395,S,432.258.615,W,195322.00,A,A*70
19:53:22  $GNGGA,195322.00,215.034.395,S,432.258.615,W,3,9,1.06,789.4,M,-6.9,M,,*5B
19:53:23  $GNRMC,195323.00,A,215.034.394,S,432.258.612,W,0.419,,100123,,,A*63
19:53:23  $GNVTG,,T,,M,0.419,N,0.776,K,A*37
19:53:23  $GNGSA,A,3,31,1,8,21,3,,,,,,,,1.92,1.06,1.60*1D
19:53:23  $GNGSA,A,3,87,88,76,81,,,,,,,,,1.92,1.06,1.60*11
19:53:23  $GPGSV,2,1,6,1,47,216,16,3,23,228,27,8,24,324,30,21,74,238,23*73
19:53:23  $GPGSV,2,2,6,22,45,155,25,31,51,97,25*77
19:53:23  $GLGSV,3,1,10,65,25,151,20,66,39,217,15,67,14,269,26,75,18,111,22*68
19:53:23  $GLGSV,3,2,10,76,21,53,20,77,3,10,15,81,46,227,28,82,3,205,*6D
19:53:23  $GLGSV,3,3,10,87,18,10,31,88,61,334,32*63
19:53:23  $GNGLL,215.034.394,S,432.258.612,W,195323.00,A,A*77
19:53:23  $GNGGA,195323.00,215.034.394,S,432.258.612,W,3,9,1.06,789.5,M,-6.9,M,,*5D
19:53:24  $GNRMC,195324.00,A,215.034.391,S,432.258.609,W,0.186,,100123,,,A*68
19:53:24  $GNVTG,,T,,M,0.186,N,0.345,K,A*30
19:53:24  $GNGSA,A,3,31,1,8,21,3,,,,,,,,1.92,1.06,1.60*1D
19:53:24  $GNGSA,A,3,87,88,76,81,,,,,,,,,1.92,1.06,1.60*11
19:53:24  $GPGSV,2,1,6,1,47,216,15,3,23,228,28,8,24,324,30,21,74,238,24*78
19:53:24  $GPGSV,2,2,6,22,45,155,26,31,51,97,25*74
19:53:24  $GLGSV,3,1,10,65,25,151,19,66,39,217,15,67,14,269,26,75,18,111,22*62
19:53:24  $GLGSV,3,2,10,76,21,53,20,77,3,10,16,81,46,227,29,82,3,205,*6F
19:53:24  $GLGSV,3,3,10,87,18,10,31,88,61,334,33*62
19:53:24  $GNGLL,215.034.391,S,432.258.609,W,195324.00,A,A*7F
19:53:24  $GNGGA,195324.00,215.034.391,S,432.258.609,W,3,9,1.06,789.6,M,-6.9,M,,*56
19:53:25  $GNRMC,195325.00,A,215.034.390,S,432.258.609,W,0.024,,100123,,,A*61
19:53:25  $GNVTG,,T,,M,0.024,N,0.044,K,A*3B
19:53:25  $GNGSA,A,3,31,1,8,21,3,,,,,,,,1.92,1.06,1.60*1D
19:53:25  $GNGSA,A,3,87,88,76,81,,,,,,,,,1.92,1.06,1.60*11
19:53:25  $GPGSV,2,1,6,1,47,216,14,3,23,228,27,8,24,324,30,21,74,238,25*77
19:53:25  $GPGSV,2,2,6,22,45,155,25,31,51,97,25*77
19:53:25  $GLGSV,3,1,10,65,25,151,20,66,39,217,16,67,14,269,26,75,18,111,24*6D
19:53:25  $GLGSV,3,2,10,76,21,53,20,77,3,10,17,81,46,227,29,82,3,205,*6E
19:53:25  $GLGSV,3,3,10,87,18,10,31,88,60,334,33*63
19:53:25  $GNGLL,215.034.390,S,432.258.609,W,195325.00,A,A*7F
19:53:25  $GNGGA,195325.00,215.034.390,S,432.258.609,W,2,9,1.06,789.6,M,-6.9,M,,*56
19:53:26  $GNRMC,195326.00,A,215.034.393,S,432.258.608,W,0.052,,100123,,,A*61
19:53:26  $GNVTG,,T,,M,0.052,N,0.096,K,A*35
19:53:26  $GNGSA,A,3,31,1,8,21,3,,,,,,,,1.92,1.06,1.60*1D
19:53:26  $GNGSA,A,3,87,88,76,81,,,,,,,,,1.92,1.06,1.60*11
19:53:26  $GPGSV,2,1,6,1,47,216,14,3,23,228,26,8,24,324,30,21,74,238,24*77
19:53:26  $GPGSV,2,2,6,22,45,155,25,31,51,97,24*76
19:53:26  $GLGSV,3,1,10,65,25,151,21,66,39,217,17,67,14,269,26,75,18,111,25*6C
19:53:26  $GLGSV,3,2,10,76,21,53,20,77,3,10,17,81,46,227,29,82,3,205,*6E
19:53:26  $GLGSV,3,3,10,87,18,10,31,88,60,334,33*63
19:53:26  $GNGLL,215.034.393,S,432.258.608,W,195326.00,A,A*7E
19:53:26  $GNGGA,195326.00,215.034.393,S,432.258.608,W,2,9,1.06,789.7,M,-6.9,M,,*56
19:53:27  $GNRMC,195327.00,A,215.034.394,S,432.258.611,W,0.081,,100123,,,A*61
19:53:27  $GNVTG,,T,,M,0.081,N,0.150,K,A*30
19:53:27  $GNGSA,A,3,31,1,8,21,3,,,,,,,,1.92,1.06,1.60*1D
19:53:27  $GNGSA,A,3,87,88,76,81,,,,,,,,,1.92,1.06,1.60*11
19:53:27  $GPGSV,2,1,6,1,47,216,13,3,23,228,26,8,24,324,29,21,74,238,25*79
19:53:27  $GPGSV,2,2,6,22,45,155,24,31,51,97,24*77
19:53:27  $GLGSV,3,1,10,65,25,151,21,66,39,217,18,67,14,269,26,75,18,111,25*63
19:53:27  $GLGSV,3,2,10,76,21,53,20,77,3,10,16,81,46,227,28,82,3,205,*6E
19:53:27  $GLGSV,3,3,10,87,18,10,30,88,60,334,33*62
19:53:27  $GNGLL,215.034.394,S,432.258.611,W,195327.00,A,A*70
19:53:27  $GNGGA,195327.00,215.034.394,S,432.258.611,W,2,9,1.06,789.6,M,-6.9,M,,*59
19:53:28  $GNRMC,195328.00,A,215.034.398,S,432.258.601,W,0.048,,100123,,,A*66
19:53:28  $GNVTG,,T,,M,0.048,N,0.089,K,A*30
19:53:28  $GNGSA,A,3,31,1,8,21,3,,,,,,,,1.92,1.06,1.60*1D
19:53:28  $GNGSA,A,3,87,88,76,81,,,,,,,,,1.92,1.06,1.60*11
19:53:28  $GPGSV,2,1,6,1,47,216,14,3,23,228,26,8,24,324,29,21,74,238,25*7E
19:53:28  $GPGSV,2,2,6,22,45,155,24,31,51,97,25*76
19:53:28  $GLGSV,3,1,10,65,25,151,21,66,39,217,18,67,14,269,26,75,18,111,25*63
19:53:28  $GLGSV,3,2,10,76,21,53,18,77,3,10,16,81,46,227,29,82,3,205,*64
19:53:28  $GLGSV,3,3,10,87,18,10,31,88,60,334,33*63
19:53:28  $GNGLL,215.034.398,S,432.258.601,W,195328.00,A,A*72
19:53:28  $GNGGA,195328.00,215.034.398,S,432.258.601,W,2,9,1.06,789.5,M,-6.9,M,,*58
19:53:29  $GNRMC,195329.00,A,215.034.395,S,432.258.606,W,0.321,,100123,,,A*61
19:53:29  $GNVTG,,T,,M,0.321,N,0.595,K,A*34
19:53:29  $GNGSA,A,3,31,1,8,21,3,,,,,,,,1.92,1.06,1.60*1D
19:53:29  $GNGSA,A,3,87,88,76,81,,,,,,,,,1.92,1.06,1.60*11
19:53:29  $GPGSV,2,1,6,1,47,216,15,3,23,228,26,8,24,324,29,21,74,238,24*7E
19:53:29  $GPGSV,2,2,6,22,45,155,24,31,51,97,25*76
19:53:29  $GLGSV,3,1,10,65,25,151,21,66,39,217,17,67,14,269,27,75,18,111,25*6D
19:53:29  $GLGSV,3,2,10,76,21,53,17,77,3,10,16,81,46,227,28,82,3,205,*6A
19:53:29  $GLGSV,3,3,10,87,18,10,32,88,60,334,33*60
19:53:29  $GNGLL,215.034.395,S,432.258.606,W,195329.00,A,A*79
19:53:29  $GNGGA,195329.00,215.034.395,S,432.258.606,W,1,9,1.06,789.4,M,-6.9,M,,*52
19:53:30  $GNRMC,195330.00,A,215.034.394,S,432.258.609,W,0.040,,100123,,,A*63
19:53:30  $GNVTG,,T,,M,0.040,N,0.074,K,A*3A
19:53:30  $GNGSA,A,3,31,1,8,21,3,,,,,,,,1.92,1.06,1.60*1D
19:53:30  $GNGSA,A,3,87,88,76,81,,,,,,,,,1.92,1.06,1.60*11
19:53:30  $GPGSV,2,1,6,1,47,216,14,3,23,228,26,8,24,324,29,21,74,238,25*7E
19:53:30  $GPGSV,2,2,6,22,45,155,25,31,51,97,25*77
19:53:30  $GLGSV,3,1,10,65,25,151,21,66,39,217,16,67,14,269,27,75,18,111,24*6D
19:53:30  $GLGSV,3,2,10,76,21,53,16,77,3,10,16,81,46,227,28,82,3,205,*6B
19:53:30  $GLGSV,3,3,10,87,18,10,32,88,60,334,33*60
19:53:30  $GNGLL,215.034.394,S,432.258.609,W,195330.00,A,A*7F
19:53:30  $GNGGA,195330.00,215.034.394,S,432.258.609,W,1,9,1.06,789.5,M,-6.9,M,,*55
19:53:31  $GNRMC,195331.00,A,215.034.392,S,432.258.612,W,0.195,,100123,,,A*67
19:53:31  $GNVTG,,T,,M,0.195,N,0.360,K,A*35
19:53:31  $GNGSA,A,3,31,1,8,21,3,,,,,,,,1.92,1.06,1.60*1D
19:53:31  $GNGSA,A,3,87,88,76,81,,,,,,,,,1.92,1.06,1.60*11
19:53:31  $GPGSV,2,1,6,1,47,216,13,3,23,228,26,8,24,324,29,21,74,238,25*79
19:53:31  $GPGSV,2,2,6,22,45,155,24,31,51,97,25*76
19:53:31  $GLGSV,3,1,10,65,25,151,20,66,39,217,15,67,14,269,27,75,18,111,24*6F
19:53:31  $GLGSV,3,2,10,76,21,53,14,77,3,10,15,81,46,227,28,82,3,205,*6A
19:53:31  $GLGSV,3,3,10,87,18,10,31,88,60,334,32*62
19:53:31  $GNGLL,215.034.392,S,432.258.612,W,195331.00,A,A*72
19:53:31  $GNGGA,195331.00,215.034.392,S,432.258.612,W,1,9,1.06,789.4,M,-6.9,M,,*59
19:53:32  $GNRMC,195332.00,A,215.034.389,S,432.258.618,W,0.041,,100123,,,A*6C
19:53:32  $GNVTG,,T,,M,0.041,N,0.076,K,A*39
19:53:32  $GNGSA,A,3,31,1,8,21,3,,,,,,,,1.92,1.06,1.60*1D
19:53:32  $GNGSA,A,3,87,88,76,81,,,,,,,,,1.92,1.06,1.60*11
19:53:32  $GPGSV,2,1,6,1,47,216,16,3,23,228,25,8,24,324,29,21,74,238,25*7F
19:53:32  $GPGSV,2,2,6,22,45,155,24,31,51,97,25*76
19:53:32  $GLGSV,3,1,10,65,25,151,19,66,39,217,13,67,14,269,26,75,18,111,23*65
19:53:32  $GLGSV,3,2,10,76,21,53,12,77,3,10,15,81,46,227,27,82,3,205,*63
19:53:32  $GLGSV,3,3,10,87,18,10,31,88,60,334,32*62
19:53:32  $GNGLL,215.034.389,S,432.258.618,W,195332.00,A,A*71
19:53:32  $GNGGA,195332.00,215.034.389,S,432.258.618,W,1,9,1.06,789.4,M,-6.9,M,,*5A
19:53:33  $GNRMC,195333.00,A,215.034.385,S,432.258.623,W,0.717,,100123,,,A*6D
19:53:33  $GNVTG,,T,,M,0.717,N,1.328,K,A*34
19:53:33  $GNGSA,A,3,31,1,8,21,3,,,,,,,,1.92,1.06,1.60*1D
19:53:33  $GNGSA,A,3,87,88,76,81,,,,,,,,,1.92,1.06,1.60*11
19:53:33  $GPGSV,2,1,6,1,47,216,17,3,23,228,25,8,24,324,30,21,74,239,25*77
19:53:33  $GPGSV,2,2,6,22,45,155,24,31,51,97,26*75
19:53:33  $GLGSV,3,1,10,65,25,151,18,66,39,217,12,67,14,269,26,75,18,111,23*65
19:53:33  $GLGSV,3,2,10,76,21,53,10,77,3,10,15,81,46,227,27,82,3,205,*61
19:53:33  $GLGSV,3,3,10,87,18,10,31,88,60,334,32*62
19:53:33  $GNGLL,215.034.385,S,432.258.623,W,195333.00,A,A*74
19:53:33  $GNGGA,195333.00,215.034.385,S,432.258.623,W,1,9,1.06,789.3,M,-6.9,M,,*58
19:53:34  $GNRMC,195334.00,A,215.034.376,S,432.258.644,W,0.396,,100123,,,A*6A
19:53:34  $GNVTG,,T,,M,0.396,N,0.734,K,A*31
19:53:34  $GNGSA,A,3,31,1,8,21,3,,,,,,,,1.92,1.06,1.60*1D
19:53:34  $GNGSA,A,3,87,88,76,81,,,,,,,,,1.92,1.06,1.60*11
19:53:34  $GPGSV,2,1,6,1,47,216,18,3,23,228,26,8,24,324,31,21,74,239,26*79
19:53:34  $GPGSV,2,2,6,22,45,155,25,31,51,97,27*75
19:53:34  $GLGSV,3,1,10,65,25,151,19,66,39,217,14,67,14,269,26,75,18,111,24*65
19:53:34  $GLGSV,3,2,10,76,21,53,11,77,3,10,16,81,46,227,28,82,3,205,*6C
19:53:34  $GLGSV,3,3,10,87,18,10,31,88,60,334,33*63
19:53:34  $GNGLL,215.034.376,S,432.258.644,W,195334.00,A,A*7E
19:53:34  $GNGGA,195334.00,215.034.376,S,432.258.644,W,1,9,1.06,789.1,M,-6.9,M,,*50
19:53:35  $GNRMC,195335.00,A,215.034.374,S,432.258.653,W,0.270,,100123,,,A*66
19:53:35  $GNVTG,,T,,M,0.270,N,0.500,K,A*3D
19:53:35  $GNGSA,A,3,31,1,8,21,3,,,,,,,,1.92,1.06,1.60*1D
19:53:35  $GNGSA,A,3,87,88,76,81,,,,,,,,,1.92,1.06,1.60*11
19:53:35  $GPGSV,2,1,6,1,47,216,17,3,23,228,26,8,24,324,30,21,74,239,25*74
19:53:35  $GPGSV,2,2,6,22,45,155,25,31,51,97,26*74
19:53:35  $GLGSV,3,1,10,65,25,151,20,66,39,217,15,67,14,269,26,75,18,111,24*6E
19:53:35  $GLGSV,3,2,10,76,21,53,12,77,3,10,16,81,46,227,28,82,3,205,*6F
19:53:35  $GLGSV,3,3,10,87,18,10,30,88,60,334,33*62
19:53:35  $GNGLL,215.034.374,S,432.258.653,W,195335.00,A,A*7B
19:53:35  $GNGGA,195335.00,215.034.374,S,432.258.653,W,1,9,1.06,788.9,M,-6.9,M,,*5C
19:53:36  $GNRMC,195336.00,A,215.034.368,S,432.258.665,W,0.284,,100123,,,A*66
19:53:36  $GNVTG,,T,,M,0.284,N,0.525,K,A*31
19:53:36  $GNGSA,A,3,31,1,8,21,3,,,,,,,,2.16,1.24,1.77*14
19:53:36  $GNGSA,A,3,87,88,76,81,,,,,,,,,2.16,1.24,1.77*18
19:53:36  $GPGSV,2,1,6,1,47,216,17,3,23,228,26,8,24,324,29,21,74,239,25*7C
19:53:36  $GPGSV,2,2,6,22,45,155,25,31,51,97,26*74
19:53:36  $GLGSV,3,1,10,65,25,151,19,66,39,217,14,67,14,269,26,75,18,111,24*65
19:53:36  $GLGSV,3,2,10,76,21,53,12,77,3,10,15,81,46,227,27,82,3,205,*63
19:53:36  $GLGSV,3,3,10,87,18,10,29,88,60,334,32*6B
19:53:36  $GNGLL,215.034.368,S,432.258.665,W,195336.00,A,A*70
19:53:36  $GNGGA,195336.00,215.034.368,S,432.258.665,W,1,9,1.24,788.7,M,-6.9,M,,*59
19:53:37  $GNRMC,195337.00,A,215.034.365,S,432.258.673,W,0.163,,100123,,,A*67
19:53:37  $GNVTG,,T,,M,0.163,N,0.303,K,A*39
19:53:37  $GNGSA,A,3,31,1,8,21,3,,,,,,,,2.16,1.24,1.77*14
19:53:37  $GNGSA,A,3,87,88,76,81,,,,,,,,,2.16,1.24,1.77*18
19:53:37  $GPGSV,2,1,6,1,47,216,16,3,23,228,26,8,24,324,29,21,74,239,25*7D
19:53:37  $GPGSV,2,2,6,22,45,155,24,31,51,97,25*76
19:53:37  $GLGSV,3,1,10,65,25,151,18,66,39,217,15,67,14,269,25,75,18,111,24*66
19:53:37  $GLGSV,3,2,10,76,21,53,12,77,3,10,15,81,46,227,27,82,3,205,*63
19:53:37  $GLGSV,3,3,10,87,18,10,29,88,60,334,32*6B
19:53:37  $GNGLL,215.034.365,S,432.258.673,W,195337.00,A,A*7B
19:53:37  $GNGGA,195337.00,215.034.365,S,432.258.673,W,1,9,1.24,788.5,M,-6.9,M,,*50
19:53:38  $GNRMC,195338.00,A,215.034.365,S,432.258.677,W,0.145,,100123,,,A*68
19:53:38  $GNVTG,,T,,M,0.145,N,0.269,K,A*30
19:53:38  $GNGSA,A,3,31,1,8,21,3,,,,,,,,1.93,1.09,1.60*13
19:53:38  $GNGSA,A,3,87,88,76,81,,,,,,,,,1.93,1.09,1.60*1F
19:53:38  $GPGSV,2,1,6,1,47,216,15,3,23,228,26,8,24,324,29,21,74,239,25*7E
19:53:38  $GPGSV,2,2,6,22,45,155,23,31,51,97,25*71
19:53:38  $GLGSV,3,1,10,65,24,151,18,66,39,217,16,67,14,269,25,75,18,111,24*64
19:53:38  $GLGSV,3,2,10,76,21,53,14,77,3,10,14,81,46,227,27,82,3,205,*64
19:53:38  $GLGSV,3,3,10,87,18,10,30,88,60,334,32*63
19:53:38  $GNGLL,215.034.365,S,432.258.677,W,195338.00,A,A*70
19:53:38  $GNGGA,195338.00,215.034.365,S,432.258.677,W,1,9,1.09,788.3,M,-6.9,M,,*52
19:53:39  $GNRMC,195339.00,A,215.034.363,S,432.258.677,W,0.105,,100123,,,A*6B
19:53:39  $GNVTG,,T,,M,0.105,N,0.195,K,A*34
19:53:39  $GNGSA,A,3,31,1,8,21,3,,,,,,,,1.78,1.04,1.45*1C
19:53:39  $GNGSA,A,3,87,88,76,81,67,,,,,,,,1.78,1.04,1.45*11
19:53:39  $GPGSV,2,1,6,1,47,216,14,3,23,228,25,8,24,324,29,21,74,239,26*7F
19:53:39  $GPGSV,2,2,6,22,45,155,25,31,51,97,25*77
19:53:39  $GLGSV,3,1,10,65,24,151,18,66,39,217,16,67,14,268,25,75,18,111,24*65
19:53:39  $GLGSV,3,2,10,76,21,53,13,77,3,10,14,81,46,227,27,82,3,205,*63
19:53:39  $GLGSV,3,3,10,87,18,10,30,88,60,334,31*60
19:53:39  $GNGLL,215.034.363,S,432.258.677,W,195339.00,A,A*77
19:53:39  $GNGGA,195339.00,215.034.363,S,432.258.677,W,1,10,1.04,788.1,M,-6.9,M,,*52
19:53:40  $GNRMC,195340.00,A,215.034.358,S,432.258.686,W,0.046,,100123,,,A*65
19:53:40  $GNVTG,,T,,M,0.046,N,0.085,K,A*32
19:53:40  $GNGSA,A,3,31,1,8,21,3,,,,,,,,1.76,1.01,1.44*16
19:53:40  $GNGSA,A,3,87,88,76,81,67,,,,,,,,1.76,1.01,1.44*1B
19:53:40  $GPGSV,2,1,6,1,47,216,13,3,23,228,26,8,24,324,28,21,74,239,25*79
19:53:40  $GPGSV,2,2,6,22,45,155,26,31,51,97,25*74
19:53:40  $GLGSV,3,1,10,65,24,151,18,66,39,217,18,67,14,268,26,75,18,111,24*68
19:53:40  $GLGSV,3,2,10,76,21,53,13,77,3,10,14,81,46,227,26,82,3,205,*62
19:53:40  $GLGSV,3,3,10,87,18,10,30,88,60,334,32*63
19:53:40  $GNGLL,215.034.358,S,432.258.686,W,195340.00,A,A*7F
19:53:40  $GNGGA,195340.00,215.034.358,S,432.258.686,W,1,10,1.01,788.0,M,-6.9,M,,*5E
19:53:41  $GNRMC,195341.00,A,215.034.356,S,432.258.692,W,0.105,,100123,,,A*69
19:53:41  $GNVTG,,T,,M,0.105,N,0.195,K,A*34
19:53:41  $GNGSA,A,3,31,1,8,21,3,,,,,,,,1.76,1.01,1.44*16
19:53:41  $GNGSA,A,3,87,88,76,81,67,,,,,,,,1.76,1.01,1.44*1B
19:53:41  $GPGSV,2,1,6,1,47,216,13,3,23,228,27,8,24,324,28,21,74,239,26*7B
19:53:41  $GPGSV,2,2,6,22,45,155,26,31,51,97,24*75
19:53:41  $GLGSV,3,1,10,65,24,151,17,66,39,217,19,67,14,268,25,75,18,111,24*65
19:53:41  $GLGSV,3,2,10,76,21,53,13,77,3,10,14,81,46,227,24,82,3,205,*60
19:53:41  $GLGSV,3,3,10,87,18,10,29,88,60,334,32*6B
19:53:41  $GNGLL,215.034.356,S,432.258.692,W,195341.00,A,A*75
19:53:41  $GNGGA,195341.00,215.034.356,S,432.258.692,W,1,10,1.01,788.1,M,-6.9,M,,*55
19:53:42  $GNRMC,195342.00,A,215.034.358,S,432.258.692,W,0.103,,100123,,,A*62
19:53:42  $GNVTG,,T,,M,0.103,N,0.190,K,A*37
19:53:42  $GNGSA,A,3,31,1,8,21,3,,,,,,,,1.76,1.01,1.44*16
19:53:42  $GNGSA,A,3,87,88,76,81,67,,,,,,,,1.76,1.01,1.44*1B
19:53:42  $GPGSV,2,1,6,1,47,216,10,3,23,228,27,8,24,324,28,21,74,239,26*78
19:53:42  $GPGSV,2,2,6,22,45,155,26,31,51,97,24*75
19:53:42  $GLGSV,3,1,10,65,24,151,17,66,39,217,18,67,14,268,25,75,18,111,24*64
19:53:42  $GLGSV,3,2,10,76,21,53,13,77,3,10,14,81,46,227,22,82,3,205,*66
19:53:42  $GLGSV,3,3,10,87,18,10,29,88,60,334,32*6B
19:53:42  $GNGLL,215.034.358,S,432.258.692,W,195342.00,A,A*78
19:53:42  $GNGGA,195342.00,215.034.358,S,432.258.692,W,1,10,1.01,788.0,M,-6.9,M,,*59
19:53:43  $GNRMC,195343.00,A,215.034.351,S,432.258.699,W,0.112,,100123,,,A*61
19:53:43  $GNVTG,,T,,M,0.112,N,0.208,K,A*35
19:53:43  $GNGSA,A,3,31,8,21,3,,,,,,,,,1.78,1.04,1.45*1D
19:53:43  $GNGSA,A,3,87,88,76,81,67,,,,,,,,1.78,1.04,1.45*11
19:53:43  $GPGSV,2,1,6,1,47,216,9,3,23,228,28,8,24,324,28,21,74,239,26*7F
19:53:43  $GPGSV,2,2,6,22,45,155,26,31,51,97,24*75
19:53:43  $GLGSV,3,1,10,65,24,151,17,66,39,217,18,67,14,268,25,75,18,111,25*65
19:53:43  $GLGSV,3,2,10,76,21,53,16,77,3,10,13,81,46,227,21,82,3,205,*67
19:53:43  $GLGSV,3,3,10,87,18,10,29,88,60,334,31*68
19:53:43  $GNGLL,215.034.351,S,432.258.699,W,195343.00,A,A*7B
19:53:43  $GNGGA,195343.00,215.034.351,S,432.258.699,W,1,9,1.04,787.9,M,-6.9,M,,*51
19:53:44  $GNRMC,195344.00,A,215.034.340,S,432.258.710,W,0.523,,100123,,,A*60
19:53:44  $GNVTG,,T,,M,0.523,N,0.969,K,A*3F
19:53:44  $GNGSA,A,3,31,1,8,21,3,,,,,,,,1.76,1.01,1.44*16
19:53:44  $GNGSA,A,3,87,88,76,81,67,,,,,,,,1.76,1.01,1.44*1B
19:53:44  $GPGSV,2,1,6,1,47,216,16,3,23,228,29,8,24,324,29,21,74,239,26*71
19:53:44  $GPGSV,2,2,6,22,45,155,24,31,51,97,24*77
19:53:44  $GLGSV,3,1,10,65,24,151,16,66,39,217,20,67,14,268,24,75,18,111,24*6F
19:53:44  $GLGSV,3,2,10,76,21,53,17,77,3,10,12,81,46,227,22,82,3,205,*64
19:53:44  $GLGSV,3,3,10,87,18,10,29,88,60,334,31*68
19:53:44  $GNGLL,215.034.340,S,432.258.710,W,195344.00,A,A*7C
19:53:44  $GNGGA,195344.00,215.034.340,S,432.258.710,W,1,10,1.01,788.0,M,-6.9,M,,*5D
19:53:45  $GNRMC,195345.00,A,215.034.336,S,432.258.712,W,0.341,,100123,,,A*60
19:53:45  $GNVTG,,T,,M,0.341,N,0.631,K,A*3F
19:53:45  $GNGSA,A,3,31,1,8,21,3,,,,,,,,1.76,1.01,1.44*16
19:53:45  $GNGSA,A,3,87,88,76,81,67,,,,,,,,1.76,1.01,1.44*1B
19:53:45  $GPGSV,2,1,6,1,47,216,19,3,23,228,28,8,24,324,29,21,74,239,27*7E
19:53:45  $GPGSV,2,2,6,22,45,155,26,31,51,97,25*74
19:53:45  $GLGSV,3,1,10,65,24,151,15,66,39,217,23,67,14,268,24,75,18,111,23*68
19:53:45  $GLGSV,3,2,10,76,21,53,16,77,3,10,11,81,46,227,21,82,3,205,*65
19:53:45  $GLGSV,3,3,10,87,18,10,30,88,60,334,31*60
19:53:45  $GNGLL,215.034.336,S,432.258.712,W,195345.00,A,A*7E
19:53:45  $GNGGA,195345.00,215.034.336,S,432.258.712,W,1,10,1.01,788.0,M,-6.9,M,,*5F
19:53:46  $GNRMC,195346.00,A,215.034.337,S,432.258.707,W,0.076,,100123,,,A*61
19:53:46  $GNVTG,,T,,M,0.076,N,0.141,K,A*38
19:53:46  $GNGSA,A,3,31,1,8,21,3,,,,,,,,1.76,1.01,1.44*16
19:53:46  $GNGSA,A,3,87,88,76,81,67,,,,,,,,1.76,1.01,1.44*1B
19:53:46  $GPGSV,2,1,6,1,47,216,20,3,23,228,28,8,24,324,29,21,74,239,27*74
19:53:46  $GPGSV,2,2,6,22,45,155,27,31,51,97,23*73
19:53:46  $GLGSV,3,1,10,65,24,151,13,66,39,217,23,67,14,268,25,75,18,111,22*6E
19:53:46  $GLGSV,3,2,10,76,21,53,21,77,3,10,12,81,46,227,22,82,3,205,*61
19:53:46  $GLGSV,3,3,10,87,18,10,31,88,60,334,33*63
19:53:46  $GNGLL,215.034.337,S,432.258.707,W,195346.00,A,A*78
19:53:46  $GNGGA,195346.00,215.034.337,S,432.258.707,W,4,10,1.01,788.1,M,-6.9,M,,*58
19:53:47  $GNRMC,195347.00,A,215.034.338,S,432.258.704,W,0.038,,100123,,,A*66
19:53:47  $GNVTG,,T,,M,0.038,N,0.069,K,A*39
19:53:47  $GNGSA,A,3,31,1,8,21,3,,,,,,,,1.76,1.01,1.44*16
19:53:47  $GNGSA,A,3,87,88,76,81,67,,,,,,,,1.76,1.01,1.44*1B
19:53:47  $GPGSV,2,1,6,1,47,216,19,3,23,228,27,8,24,324,27,21,74,239,25*7D
19:53:47  $GPGSV,2,2,6,22,45,155,26,31,51,97,25*74
19:53:47  $GLGSV,3,1,10,65,24,151,11,66,39,217,21,67,14,268,25,75,18,111,22*6E
19:53:47  $GLGSV,3,2,10,76,21,53,22,77,3,10,11,81,46,227,22,82,3,205,*61
19:53:47  $GLGSV,3,3,10,87,18,10,32,88,60,334,34*67
19:53:47  $GNGLL,215.034.338,S,432.258.704,W,195347.00,A,A*75
19:53:47  $GNGGA,195347.00,215.034.338,S,432.258.704,W,4,10,1.01,788.0,M,-6.9,M,,*54
19:53:48  $GNRMC,195348.00,A,215.034.342,S,432.258.697,W,0.156,,100123,,,A*66
19:53:48  $GNVTG,,T,,M,0.156,N,0.288,K,A*3D
19:53:48  $GNGSA,A,3,31,1,8,21,3,,,,,,,,1.76,1.01,1.44*16
19:53:48  $GNGSA,A,3,87,88,76,81,67,,,,,,,,1.76,1.01,1.44*1B
19:53:48  $GPGSV,2,1,6,1,47,216,18,3,23,228,29,8,24,324,29,21,74,239,24*7D
19:53:48  $GPGSV,2,2,6,22,45,155,27,31,51,97,22*72
19:53:48  $GLGSV,3,1,10,65,24,151,,66,39,217,19,67,14,268,26,75,18,111,22*66
19:53:48  $GLGSV,3,2,10,76,21,53,24,77,3,10,9,81,46,227,22,82,3,205,*6E
19:53:48  $GLGSV,3,3,10,87,18,10,33,88,60,334,34*66
19:53:48  $GNGLL,215.034.342,S,432.258.697,W,195348.00,A,A*7C
19:53:48  $GNGGA,195348.00,215.034.342,S,432.258.697,W,4,10,1.01,788.1,M,-6.9,M,,*5C
19:53:49  $GNRMC,195349.00,A,215.034.351,S,432.258.685,W,0.024,,100123,,,A*62
19:53:49  $GNVTG,,T,,M,0.024,N,0.045,K,A*3A
19:53:49  $GNGSA,A,3,31,1,8,21,3,,,,,,,,1.76,1.01,1.44*16
19:53:49  $GNGSA,A,3,87,88,76,81,67,,,,,,,,1.76,1.01,1.44*1B
19:53:49  $GPGSV,2,1,6,1,47,216,16,3,23,228,29,8,24,324,29,21,74,239,23*74
19:53:49  $GPGSV,2,2,6,22,45,155,27,31,51,97,22*72
19:53:49  $GLGSV,3,1,10,65,24,151,,66,39,217,16,67,14,268,26,75,18,111,22*69
19:53:49  $GLGSV,3,2,10,76,21,53,25,77,3,10,,81,46,227,21,82,3,205,*65
19:53:49  $GLGSV,3,3,10,87,18,10,32,88,60,334,34*67
19:53:49  $GNGLL,215.034.351,S,432.258.685,W,195349.00,A,A*7C
19:53:49  $GNGGA,195349.00,215.034.351,S,432.258.685,W,4,10,1.01,788.1,M,-6.9,M,,*5C
19:53:50  $GNRMC,195350.00,A,215.034.356,S,432.258.672,W,0.128,,100123,,,A*68
19:53:50  $GNVTG,,T,,M,0.128,N,0.238,K,A*3F
19:53:50  $GNGSA,A,3,31,1,8,21,3,,,,,,,,1.76,1.01,1.44*16
19:53:50  $GNGSA,A,3,87,88,76,81,67,,,,,,,,1.76,1.01,1.44*1B
19:53:50  $GPGSV,2,1,6,1,47,216,15,3,23,228,29,8,24,324,29,21,74,239,23*77
19:53:50  $GPGSV,2,2,6,22,45,155,27,31,51,97,21*71
19:53:50  $GLGSV,3,1,10,65,24,151,,66,39,217,16,67,14,268,27,75,18,111,23*69
19:53:50  $GLGSV,3,2,10,76,21,53,25,77,3,10,,81,46,227,21,82,3,205,*65
19:53:50  $GLGSV,3,3,10,87,18,10,31,88,60,334,34*64
19:53:50  $GNGLL,215.034.356,S,432.258.672,W,195350.00,A,A*7B
19:53:50  $GNGGA,195350.00,215.034.356,S,432.258.672,W,4,10,1.01,788.2,M,-6.9,M,,*58
19:53:51  $GNRMC,195351.00,A,215.034.361,S,432.258.657,W,0.370,,100123,,,A*65
19:53:51  $GNVTG,,T,,M,0.370,N,0.686,K,A*31
19:53:51  $GNGSA,A,3,31,1,8,21,3,,,,,,,,1.76,1.01,1.44*16
19:53:51  $GNGSA,A,3,87,88,76,81,67,,,,,,,,1.76,1.01,1.44*1B
19:53:51  $GPGSV,2,1,6,1,47,216,14,3,23,228,29,8,24,324,29,21,74,239,24*71
19:53:51  $GPGSV,2,2,6,22,45,155,27,31,51,97,20*70
19:53:51  $GLGSV,3,1,10,65,24,151,,66,39,217,17,67,14,268,27,75,18,111,23*68
19:53:51  $GLGSV,3,2,10,76,21,53,26,77,3,10,,81,46,227,21,82,3,205,*66
19:53:51  $GLGSV,3,3,10,87,18,10,31,88,60,334,34*64
19:53:51  $GNGLL,215.034.361,S,432.258.657,W,195351.00,A,A*79
19:53:51  $GNGGA,195351.00,215.034.361,S,432.258.657,W,4,10,1.01,788.3,M,-6.9,M,,*5B
19:53:52  $GNRMC,195352.00,A,215.034.359,S,432.258.653,W,0.295,,100123,,,A*63
19:53:52  $GNVTG,,T,,M,0.295,N,0.546,K,A*34
19:53:52  $GNGSA,A,3,31,1,8,21,3,,,,,,,,1.76,1.01,1.44*16
19:53:52  $GNGSA,A,3,87,88,76,81,67,,,,,,,,1.76,1.01,1.44*1B
19:53:52  $GPGSV,2,1,6,1,47,216,13,3,23,228,29,8,24,324,29,21,74,239,24*76
19:53:52  $GPGSV,2,2,6,22,45,155,27,31,51,97,19*7A
19:53:52  $GLGSV,3,1,10,65,24,151,,66,39,217,17,67,14,268,27,75,18,111,23*68
19:53:52  $GLGSV,3,2,10,76,21,53,25,77,3,10,,81,46,227,21,82,3,205,*65
19:53:52  $GLGSV,3,3,10,87,18,10,30,88,60,334,34*65
19:53:52  $GNGLL,215.034.359,S,432.258.653,W,195352.00,A,A*75
19:53:52  $GNGGA,195352.00,215.034.359,S,432.258.653,W,4,10,1.01,788.3,M,-6.9,M,,*57
19:53:53  $GNRMC,195353.00,A,215.034.363,S,432.258.640,W,0.311,,100123,,,A*64
19:53:53  $GNVTG,,T,,M,0.311,N,0.576,K,A*3A
19:53:53  $GNGSA,A,3,31,1,8,21,3,,,,,,,,1.76,1.01,1.44*16
19:53:53  $GNGSA,A,3,87,88,76,81,67,,,,,,,,1.76,1.01,1.44*1B
19:53:53  $GPGSV,2,1,6,1,47,216,11,3,23,228,30,8,24,324,29,21,74,239,25*7D
19:53:53  $GPGSV,2,2,6,22,45,155,27,31,51,97,20*70
19:53:53  $GLGSV,3,1,10,65,24,151,,66,39,217,17,67,14,268,27,75,18,111,22*69
19:53:53  $GLGSV,3,2,10,76,21,53,26,77,3,10,,81,46,227,22,82,3,205,*65
19:53:53  $GLGSV,3,3,10,87,18,10,30,88,60,334,34*65
19:53:53  $GNGLL,215.034.363,S,432.258.640,W,195353.00,A,A*7F
19:53:53  $GNGGA,195353.00,215.034.363,S,432.258.640,W,4,10,1.01,788.3,M,-6.9,M,,*5D
19:53:54  $GNRMC,195354.00,A,215.034.366,S,432.258.628,W,0.292,,100123,,,A*62
19:53:54  $GNVTG,,T,,M,0.292,N,0.541,K,A*34
19:53:54  $GNGSA,A,3,31,1,8,21,3,,,,,,,,1.76,1.01,1.44*16
19:53:54  $GNGSA,A,3,87,88,76,81,67,,,,,,,,1.76,1.01,1.44*1B
19:53:54  $GPGSV,2,1,6,1,47,216,10,3,23,228,30,8,24,324,30,21,74,239,25*74
19:53:54  $GPGSV,2,2,6,22,45,155,28,31,51,97,20*7F
19:53:54  $GLGSV,3,1,10,65,24,151,,66,39,217,16,67,14,268,27,75,18,111,23*69
19:53:54  $GLGSV,3,2,10,76,21,53,25,77,3,10,,81,46,228,22,82,3,205,*69
19:53:54  $GLGSV,3,3,10,87,18,10,31,88,60,334,34*64
19:53:54  $GNGLL,215.034.366,S,432.258.628,W,195354.00,A,A*73
19:53:54  $GNGGA,195354.00,215.034.366,S,432.258.628,W,4,10,1.01,788.4,M,-6.9,M,,*56
19:53:55  $GNRMC,195355.00,A,215.034.371,S,432.258.618,W,0.207,,100123,,,A*6A
19:53:55  $GNVTG,,T,,M,0.207,N,0.384,K,A*37
19:53:55  $GNGSA,A,3,31,1,8,21,3,,,,,,,,1.76,1.01,1.44*16
19:53:55  $GNGSA,A,3,87,88,76,81,67,,,,,,,,1.76,1.01,1.44*1B
19:53:55  $GPGSV,2,1,6,1,47,216,12,3,23,228,29,8,24,324,30,21,74,239,25*7E
19:53:55  $GPGSV,2,2,6,22,45,155,27,31,51,97,21*71
19:53:55  $GLGSV,3,1,10,65,24,151,,66,39,217,16,67,14,268,27,75,18,111,23*69
19:53:55  $GLGSV,3,2,10,76,21,53,25,77,3,10,,81,46,228,21,82,3,205,*6A
19:53:55  $GLGSV,3,3,10,87,18,10,32,88,60,334,34*67
19:53:55  $GNGLL,215.034.371,S,432.258.618,W,195355.00,A,A*77
19:53:55  $GNGGA,195355.00,215.034.371,S,432.258.618,W,4,10,1.01,788.6,M,-6.9,M,,*50
19:53:56  $GNRMC,195356.00,A,215.034.371,S,432.258.621,W,0.059,,100123,,,A*6A
19:53:56  $GNVTG,,T,,M,0.059,N,0.110,K,A*31
19:53:56  $GNGSA,A,3,31,1,8,21,3,,,,,,,,1.85,1.16,1.45*1D
19:53:56  $GNGSA,A,3,87,88,76,81,67,,,,,,,,1.85,1.16,1.45*10
19:53:56  $GPGSV,2,1,6,1,47,216,15,3,23,228,30,8,24,324,30,21,74,239,25*71
19:53:56  $GPGSV,2,2,6,22,45,155,27,31,51,97,21*71
19:53:56  $GLGSV,3,1,10,65,24,151,,66,39,217,17,67,14,268,27,75,18,111,23*68
19:53:56  $GLGSV,3,2,10,76,21,53,25,77,3,10,,81,46,228,21,82,3,205,*6A
19:53:56  $GLGSV,3,3,10,87,18,10,32,88,60,334,34*67
19:53:56  $GNGLL,215.034.371,S,432.258.621,W,195356.00,A,A*7E
19:53:56  $GNGGA,195356.00,215.034.371,S,432.258.621,W,4,10,1.16,788.7,M,-6.9,M,,*5E
19:53:57  $GNRMC,195357.00,A,215.034.372,S,432.258.626,W,0.101,,100123,,,A*63
19:53:57  $GNVTG,,T,,M,0.101,N,0.187,K,A*33
19:53:57  $GNGSA,A,3,31,1,8,21,3,,,,,,,,1.85,1.16,1.45*1D
19:53:57  $GNGSA,A,3,87,88,76,81,67,,,,,,,,1.85,1.16,1.45*10
19:53:57  $GPGSV,2,1,6,1,47,216,18,3,23,228,30,8,24,324,30,21,74,239,25*7C
19:53:57  $GPGSV,2,2,6,22,45,155,26,31,51,97,22*73
19:53:57  $GLGSV,3,1,10,65,24,151,,66,39,217,19,67,14,268,27,75,18,111,23*66
19:53:57  $GLGSV,3,2,10,76,21,53,25,77,3,10,,81,46,228,21,82,3,205,*6A
19:53:57  $GLGSV,3,3,10,87,18,10,33,88,60,334,34*66
19:53:57  $GNGLL,215.034.372,S,432.258.626,W,195357.00,A,A*7B
19:53:57  $GNGGA,195357.00,215.034.372,S,432.258.626,W,3,10,1.16,788.9,M,-6.9,M,,*55
19:53:58  $GNRMC,195358.00,A,215.034.366,S,432.258.634,W,0.045,,100123,,,A*6B
19:53:58  $GNVTG,,T,,M,0.045,N,0.084,K,A*30
19:53:58  $GNGSA,A,3,31,1,8,21,3,,,,,,,,1.85,1.16,1.45*1D
19:53:58  $GNGSA,A,3,87,88,76,81,67,,,,,,,,1.85,1.16,1.45*10
19:53:58  $GPGSV,2,1,6,1,47,216,20,3,23,228,30,8,24,324,30,21,74,239,25*77
19:53:58  $GPGSV,2,2,6,22,45,155,26,31,51,97,22*73
19:53:58  $GLGSV,3,1,10,65,24,151,,66,39,217,19,67,14,268,28,75,18,111,23*69
19:53:58  $GLGSV,3,2,10,76,21,53,24,77,3,10,,81,46,228,22,82,3,205,*68
19:53:58  $GLGSV,3,3,10,87,18,10,32,88,60,334,34*67
19:53:58  $GNGLL,215.034.366,S,432.258.634,W,195358.00,A,A*72
19:53:58  $GNGGA,195358.00,215.034.366,S,432.258.634,W,3,10,1.16,789.1,M,-6.9,M,,*55
19:53:59  $GNRMC,195359.00,A,215.034.362,S,432.258.641,W,0.194,,100123,,,A*61
19:53:59  $GNVTG,,T,,M,0.194,N,0.359,K,A*3E
19:53:59  $GNGSA,A,3,31,1,8,21,3,,,,,,,,1.76,1.01,1.44*16
19:53:59  $GNGSA,A,3,87,88,76,81,67,,,,,,,,1.76,1.01,1.44*1B
19:53:59  $GPGSV,2,1,6,1,47,216,21,3,23,228,30,8,24,324,30,21,74,239,25*76
19:53:59  $GPGSV,2,2,6,22,45,155,26,31,51,97,22*73
19:53:59  $GLGSV,3,1,10,65,24,151,,66,39,217,19,67,14,268,28,75,18,111,23*69
19:53:59  $GLGSV,3,2,10,76,21,53,21,77,3,10,,81,46,228,22,82,3,205,*6D
19:53:59  $GLGSV,3,3,10,87,18,10,32,88,60,334,34*67
19:53:59  $GNGLL,215.034.362,S,432.258.641,W,195359.00,A,A*75
19:53:59  $GNGGA,195359.00,215.034.362,S,432.258.641,W,3,10,1.01,789.3,M,-6.9,M,,*56
19:54:00  $GNRMC,195400.00,A,215.034.364,S,432.258.635,W,0.181,,100123,,,A*6B
19:54:00  $GNVTG,,T,,M,0.181,N,0.334,K,A*31
19:54:00  $GNGSA,A,3,31,1,8,21,3,,,,,,,,1.76,1.01,1.44*16
19:54:00  $GNGSA,A,3,87,88,76,81,67,,,,,,,,1.76,1.01,1.44*1B
19:54:00  $GPGSV,2,1,6,1,47,216,23,3,23,228,30,8,24,324,31,21,74,239,25*75
19:54:00  $GPGSV,2,2,6,22,45,155,26,31,51,97,22*73
19:54:00  $GLGSV,3,1,10,65,24,151,,66,39,217,19,67,14,268,27,75,18,111,23*66
19:54:00  $GLGSV,3,2,10,76,21,53,19,77,3,10,,81,46,228,22,82,3,205,*66
19:54:00  $GLGSV,3,3,10,87,17,10,31,88,60,334,34*6B
19:54:00  $GNGLL,215.034.364,S,432.258.635,W,195400.00,A,A*7B
19:54:00  $GNGGA,195400.00,215.034.364,S,432.258.635,W,2,10,1.01,789.4,M,-6.9,M,,*5F
19:54:01  $GNRMC,195401.00,A,215.034.366,S,432.258.625,W,0.545,,100123,,,A*65
19:54:01  $GNVTG,,T,,M,0.545,N,1.010,K,A*39
19:54:01  $GNGSA,A,3,31,1,8,21,3,,,,,,,,1.76,1.01,1.44*16
19:54:01  $GNGSA,A,3,87,88,76,81,67,,,,,,,,1.76,1.01,1.44*1B
19:54:01  $GPGSV,2,1,6,1,47,216,23,3,23,228,29,8,24,324,30,21,74,239,26*7F
19:54:01  $GPGSV,2,2,6,22,45,155,26,31,51,97,23*72
19:54:01  $GLGSV,3,1,10,65,24,151,,66,39,217,19,67,14,268,28,75,18,111,23*69
19:54:01  $GLGSV,3,2,10,76,21,53,19,77,3,10,,81,46,228,23,82,3,205,*67
19:54:01  $GLGSV,3,3,10,87,17,10,31,88,60,334,34*6B
19:54:01  $GNGLL,215.034.366,S,432.258.625,W,195401.00,A,A*79
19:54:01  $GNGGA,195401.00,215.034.366,S,432.258.625,W,1,10,1.01,789.4,M,-6.9,M,,*5D
19:54:02  $GNRMC,195402.00,A,215.034.366,S,432.258.622,W,0.291,,100123,,,A*6F
19:54:02  $GNVTG,,T,,M,0.291,N,0.538,K,A*39
19:54:02  $GNGSA,A,3,31,1,8,21,3,,,,,,,,1.76,1.01,1.44*16
19:54:02  $GNGSA,A,3,87,88,76,81,67,,,,,,,,1.76,1.01,1.44*1B
19:54:02  $GPGSV,2,1,6,1,47,216,23,3,23,228,29,8,24,324,30,21,74,239,26*7F
19:54:02  $GPGSV,2,2,6,22,45,155,25,31,51,97,25*77
19:54:02  $GLGSV,3,1,10,65,24,151,,66,39,217,18,67,14,268,27,75,18,111,23*67
19:54:02  $GLGSV,3,2,10,76,21,53,21,77,3,10,,81,46,228,23,82,3,205,*6C
19:54:02  $GLGSV,3,3,10,87,17,10,31,88,60,334,34*6B
19:54:02  $GNGLL,215.034.366,S,432.258.622,W,195402.00,A,A*7D
19:54:02  $GNGGA,195402.00,215.034.366,S,432.258.622,W,1,10,1.01,789.4,M,-6.9,M,,*59
19:54:03  $GNRMC,195403.00,A,215.034.370,S,432.258.616,W,0.247,,100123,,,A*65
19:54:03  $GNVTG,,T,,M,0.247,N,0.458,K,A*35
19:54:03  $GNGSA,A,3,31,1,8,21,3,,,,,,,,1.78,1.04,1.45*1C
19:54:03  $GNGSA,A,3,87,88,76,81,67,,,,,,,,1.78,1.04,1.45*11
19:54:03  $GPGSV,2,1,6,1,47,216,23,3,23,228,29,8,24,324,30,21,74,239,26*7F
19:54:03  $GPGSV,2,2,6,22,45,155,25,31,51,97,25*77
19:54:03  $GLGSV,3,1,10,65,24,151,,66,39,217,19,67,14,268,28,75,18,111,22*68
19:54:03  $GLGSV,3,2,10,76,21,53,23,77,3,10,,81,46,228,23,82,3,205,*6E
19:54:03  $GLGSV,3,3,10,87,17,10,32,88,60,334,34*68
19:54:03  $GNGLL,215.034.370,S,432.258.616,W,195403.00,A,A*7C
19:54:03  $GNGGA,195403.00,215.034.370,S,432.258.616,W,1,10,1.04,789.4,M,-6.9,M,,*5D
19:54:04  $GNRMC,195404.00,A,215.034.373,S,432.258.613,W,0.223,,100123,,,A*66
19:54:04  $GNVTG,,T,,M,0.223,N,0.412,K,A*39
19:54:04  $GNGSA,A,3,31,1,8,21,3,,,,,,,,1.78,1.04,1.45*1C
19:54:04  $GNGSA,A,3,87,88,76,81,67,,,,,,,,1.78,1.04,1.45*11
19:54:04  $GPGSV,2,1,6,1,47,216,23,3,23,228,28,8,24,324,30,21,74,239,26*7E
19:54:04  $GPGSV,2,2,6,22,45,155,25,31,51,97,25*77
19:54:04  $GLGSV,3,1,10,65,24,151,,66,39,217,18,67,14,268,28,75,18,111,22*69
19:54:04  $GLGSV,3,2,10,76,21,53,23,77,3,10,,81,46,228,23,82,3,205,*6E
19:54:04  $GLGSV,3,3,10,87,17,10,33,88,60,334,34*69
19:54:04  $GNGLL,215.034.373,S,432.258.613,W,195404.00,A,A*7D
19:54:04  $GNGGA,195404.00,215.034.373,S,432.258.613,W,1,10,1.04,789.5,M,-6.9,M,,*5D
19:54:05  $GNRMC,195405.00,A,215.034.380,S,432.258.604,W,0.087,,100123,,,A*61
19:54:05  $GNVTG,,T,,M,0.087,N,0.161,K,A*34
19:54:05  $GNGSA,A,3,31,1,8,21,3,,,,,,,,1.78,1.04,1.45*1C
19:54:05  $GNGSA,A,3,87,88,76,81,67,,,,,,,,1.78,1.04,1.45*11
19:54:05  $GPGSV,2,1,6,1,47,216,23,3,23,228,28,8,24,324,30,21,74,239,26*7E
19:54:05  $GPGSV,2,2,6,22,45,155,25,31,51,97,25*77
19:54:05  $GLGSV,3,1,10,65,24,151,,66,39,217,18,67,14,268,28,75,18,111,21*6A
19:54:05  $GLGSV,3,2,10,76,21,53,22,77,3,10,,81,46,228,22,82,3,205,*6E
19:54:05  $GLGSV,3,3,10,87,17,10,33,88,60,334,34*69
19:54:05  $GNGLL,215.034.380,S,432.258.604,W,195405.00,A,A*76
19:54:05  $GNGGA,195405.00,215.034.380,S,432.258.604,W,1,10,1.04,789.5,M,-6.9,M,,*56
19:54:06  $GNRMC,195406.00,A,215.034.387,S,432.258.596,W,0.018,,100123,,,A*6B
19:54:06  $GNVTG,,T,,M,0.018,N,0.033,K,A*34
19:54:06  $GNGSA,A,3,31,1,8,21,3,,,,,,,,1.78,1.04,1.45*1C
19:54:06  $GNGSA,A,3,87,88,76,81,67,,,,,,,,1.78,1.04,1.45*11
19:54:06  $GPGSV,2,1,6,1,47,216,23,3,23,228,27,8,24,324,30,21,74,239,26*71
19:54:06  $GPGSV,2,2,6,22,45,155,24,31,51,97,25*76
19:54:06  $GLGSV,3,1,10,65,24,151,,66,39,217,17,67,14,268,27,75,18,111,22*69
19:54:06  $GLGSV,3,2,10,76,21,53,23,77,3,10,,81,46,228,22,82,3,205,*6F
19:54:06  $GLGSV,3,3,10,87,17,10,33,88,60,334,34*69
19:54:06  $GNGLL,215.034.387,S,432.258.596,W,195406.00,A,A*7A
19:54:06  $GNGGA,195406.00,215.034.387,S,432.258.596,W,1,10,1.04,789.4,M,-6.9,M,,*5B
19:54:07  $GNRMC,195407.00,A,215.034.396,S,432.258.588,W,0.069,,100123,,,A*63
19:54:07  $GNVTG,,T,,M,0.069,N,0.128,K,A*39
19:54:07  $GNGSA,A,3,31,1,8,21,3,,,,,,,,1.78,1.04,1.45*1C
19:54:07  $GNGSA,A,3,87,88,76,81,67,,,,,,,,1.78,1.04,1.45*11
19:54:07  $GPGSV,2,1,6,1,47,216,22,3,23,228,28,8,24,324,30,21,74,239,26*7F
19:54:07  $GPGSV,2,2,6,22,45,155,24,31,51,97,25*76
19:54:07  $GLGSV,3,1,10,65,24,151,,66,39,217,16,67,14,268,28,75,18,111,22*67
19:54:07  $GLGSV,3,2,10,76,21,53,22,77,3,10,,81,46,228,22,82,3,205,*6E
19:54:07  $GLGSV,3,3,10,87,17,10,33,88,60,334,34*69
19:54:07  $GNGLL,215.034.396,S,432.258.588,W,195407.00,A,A*74
19:54:07  $GNGGA,195407.00,215.034.396,S,432.258.588,W,1,10,1.04,789.5,M,-6.9,M,,*54
19:54:08  $GNRMC,195408.00,A,215.034.407,S,432.258.576,W,0.200,,100123,,,A*6F
19:54:08  $GNVTG,,T,,M,0.200,N,0.370,K,A*3B
19:54:08  $GNGSA,A,3,31,1,8,21,3,,,,,,,,1.78,1.04,1.45*1C
19:54:08  $GNGSA,A,3,87,88,76,81,67,,,,,,,,1.78,1.04,1.45*11
19:54:08  $GPGSV,2,1,6,1,47,216,21,3,23,228,27,8,24,324,31,21,74,239,26*72
19:54:08  $GPGSV,2,2,6,22,45,155,24,31,51,97,25*76
19:54:08  $GLGSV,3,1,10,65,24,151,,66,39,217,16,67,14,268,28,75,18,111,21*64
19:54:08  $GLGSV,3,2,10,76,21,53,23,77,3,10,,81,46,228,22,82,3,205,*6F
19:54:08  $GLGSV,3,3,10,87,17,10,34,88,60,334,34*6E
19:54:08  $GNGLL,215.034.407,S,432.258.576,W,195408.00,A,A*75
19:54:08  $GNGGA,195408.00,215.034.407,S,432.258.576,W,1,10,1.04,789.4,M,-6.9,M,,*54
19:54:09  $GNRMC,195409.00,A,215.034.417,S,432.258.570,W,0.076,,100123,,,A*6A
19:54:09  $GNVTG,,T,,M,0.076,N,0.140,K,A*39
19:54:09  $GNGSA,A,3,31,1,8,21,3,,,,,,,,1.78,1.04,1.45*1C
19:54:09  $GNGSA,A,3,87,88,76,81,67,,,,,,,,1.78,1.04,1.45*11
19:54:09  $GPGSV,2,1,6,1,47,216,23,3,23,228,27,8,24,324,30,21,74,239,26*71
19:54:09  $GPGSV,2,2,6,22,45,155,24,31,51,97,25*76
19:54:09  $GLGSV,3,1,10,65,24,151,,66,39,217,18,67,14,268,27,75,18,111,22*66
19:54:09  $GLGSV,3,2,10,76,21,53,23,77,3,10,,81,46,228,22,82,3,205,*6F
19:54:09  $GLGSV,3,3,10,87,17,10,33,88,60,334,34*69
19:54:09  $GNGLL,215.034.417,S,432.258.570,W,195409.00,A,A*73
19:54:09  $GNGGA,195409.00,215.034.417,S,432.258.570,W,1,10,1.04,789.4,M,-6.9,M,,*52
19:54:10  $GNRMC,195410.00,A,215.034.420,S,432.258.563,W,0.162,,100123,,,A*60
19:54:10  $GNVTG,,T,,M,0.162,N,0.300,K,A*3B
19:54:10  $GNGSA,A,3,31,1,8,21,3,,,,,,,,1.76,1.01,1.44*16
19:54:10  $GNGSA,A,3,87,88,76,81,67,,,,,,,,1.76,1.01,1.44*1B
19:54:10  $GPGSV,2,1,6,1,47,216,23,3,23,228,25,8,24,324,31,21,74,239,26*72
19:54:10  $GPGSV,2,2,6,22,45,155,24,31,51,97,24*77
19:54:10  $GLGSV,3,1,10,65,24,151,,66,39,217,19,67,14,268,27,75,18,111,23*66
19:54:10  $GLGSV,3,2,10,76,21,53,22,77,3,10,,81,46,228,21,82,3,205,*6D
19:54:10  $GLGSV,3,3,10,87,17,10,32,88,60,334,33*6F
19:54:10  $GNGLL,215.034.420,S,432.258.563,W,195410.00,A,A*7D
19:54:10  $GNGGA,195410.00,215.034.420,S,432.258.563,W,1,10,1.01,789.2,M,-6.9,M,,*5F
19:54:11  $GNRMC,195411.00,A,215.034.428,S,432.258.556,W,0.096,,100123,,,A*65
19:54:11  $GNVTG,,T,,M,0.096,N,0.178,K,A*3C
19:54:11  $GNGSA,A,3,31,1,8,21,3,,,,,,,,1.76,1.01,1.44*16
19:54:11  $GNGSA,A,3,87,88,76,81,67,,,,,,,,1.76,1.01,1.44*1B
19:54:11  $GPGSV,2,1,6,1,47,216,23,3,23,228,24,8,24,324,31,21,74,239,25*70
19:54:11  $GPGSV,2,2,6,22,45,155,23,31,51,97,24*70
19:54:11  $GLGSV,3,1,10,65,24,151,,66,39,217,19,67,14,268,26,75,18,111,23*67
19:54:11  $GLGSV,3,2,10,76,21,53,20,77,3,10,,81,46,228,18,82,3,205,*65
19:54:11  $GLGSV,3,3,10,87,17,10,31,88,60,334,33*6C
19:54:11  $GNGLL,215.034.428,S,432.258.556,W,195411.00,A,A*72
19:54:11  $GNGGA,195411.00,215.034.428,S,432.258.556,W,1,10,1.01,789.2,M,-6.9,M,,*50
19:54:12  $GNRMC,195412.00,A,215.034.432,S,432.258.553,W,0.065,,100123,,,A*64
19:54:12  $GNVTG,,T,,M,0.065,N,0.119,K,A*37
19:54:12  $GNGSA,A,3,31,1,8,21,3,,,,,,,,1.76,1.01,1.44*16
19:54:12  $GNGSA,A,3,87,88,76,81,67,,,,,,,,1.76,1.01,1.44*1B
19:54:12  $GPGSV,2,1,6,1,47,216,23,3,23,228,23,8,24,324,32,21,74,239,25*74
19:54:12  $GPGSV,2,2,6,22,45,155,23,31,51,97,25*71
19:54:12  $GLGSV,3,1,10,65,24,151,,66,39,217,18,67,14,268,27,75,18,111,22*66
19:54:12  $GLGSV,3,2,10,76,21,53,20,77,3,10,,81,46,228,18,82,3,205,*65
19:54:12  $GLGSV,3,3,10,87,17,10,31,88,60,334,33*6C
19:54:12  $GNGLL,215.034.432,S,432.258.553,W,195412.00,A,A*7F
19:54:12  $GNGGA,195412.00,215.034.432,S,432.258.553,W,1,10,1.01,789.1,M,-6.9,M,,*5E
19:54:13  $GNRMC,195413.00,A,215.034.432,S,432.258.555,W,0.399,,100123,,,A*63
19:54:13  $GNVTG,,T,,M,0.399,N,0.738,K,A*32
19:54:13  $GNGSA,A,3,31,1,8,21,3,,,,,,,,1.76,1.01,1.44*16
19:54:13  $GNGSA,A,3,87,88,76,81,67,,,,,,,,1.76,1.01,1.44*1B
19:54:13  $GPGSV,2,1,6,1,47,216,24,3,23,228,23,8,24,324,31,21,74,239,25*70
19:54:13  $GPGSV,2,2,6,22,45,155,23,31,51,97,25*71
19:54:13  $GLGSV,3,1,10,65,24,151,,66,39,217,18,67,14,268,27,75,18,111,22*66
19:54:13  $GLGSV,3,2,10,76,21,53,20,77,3,10,,81,46,228,16,82,3,205,*6B
19:54:13  $GLGSV,3,3,10,87,17,10,32,88,60,334,33*6F
19:54:13  $GNGLL,215.034.432,S,432.258.555,W,195413.00,A,A*78
19:54:13  $GNGGA,195413.00,215.034.432,S,432.258.555,W,1,10,1.01,789.1,M,-6.9,M,,*59
19:54:14  $GNRMC,195414.00,A,215.034.430,S,432.258.561,W,0.329,,100123,,,A*6A
19:54:14  $GNVTG,,T,,M,0.329,N,0.609,K,A*3A
19:54:14  $GNGSA,A,3,31,1,8,21,3,,,,,,,,1.76,1.01,1.44*16
19:54:14  $GNGSA,A,3,87,88,76,81,67,,,,,,,,1.76,1.01,1.44*1B
19:54:14  $GPGSV,2,1,6,1,47,216,24,3,23,228,24,8,24,324,31,21,74,239,26*74
19:54:14  $GPGSV,2,2,6,22,45,155,23,31,51,97,25*71
19:54:14  $GLGSV,3,1,10,65,24,151,,66,39,217,16,67,14,268,27,75,18,111,23*69
19:54:14  $GLGSV,3,2,10,76,21,53,21,77,3,10,,81,46,228,16,82,3,205,*6A
19:54:14  $GLGSV,3,3,10,87,17,10,31,88,60,334,33*6C
19:54:14  $GNGLL,215.034.430,S,432.258.561,W,195414.00,A,A*7A
19:54:14  $GNGGA,195414.00,215.034.430,S,432.258.561,W,1,10,1.01,789.0,M,-6.9,M,,*5A
19:54:15  $GNRMC,195415.00,A,215.034.434,S,432.258.566,W,0.326,,100123,,,A*67
19:54:15  $GNVTG,,T,,M,0.326,N,0.604,K,A*38
19:54:15  $GNGSA,A,3,31,1,8,21,3,,,,,,,,1.76,1.01,1.44*16
19:54:15  $GNGSA,A,3,87,88,76,81,67,,,,,,,,1.76,1.01,1.44*1B
19:54:15  $GPGSV,2,1,6,1,47,216,25,3,23,228,24,8,24,324,31,21,74,239,26*75
19:54:15  $GPGSV,2,2,6,22,45,155,23,31,51,97,26*72
19:54:15  $GLGSV,3,1,10,65,24,151,,66,39,217,17,67,14,268,27,75,18,111,22*69
19:54:15  $GLGSV,3,2,10,76,21,53,22,77,3,10,,81,46,228,17,82,3,205,*68
19:54:15  $GLGSV,3,3,10,87,17,10,32,88,60,334,33*6F
19:54:15  $GNGLL,215.034.434,S,432.258.566,W,195415.00,A,A*78
19:54:15  $GNGGA,195415.00,215.034.434,S,432.258.566,W,1,10,1.01,789.0,M,-6.9,M,,*58
19:54:16  $GNRMC,195416.00,A,215.034.432,S,432.258.577,W,0.344,,100123,,,A*66
19:54:16  $GNVTG,,T,,M,0.344,N,0.636,K,A*3D
19:54:16  $GNGSA,A,3,31,1,8,21,3,,,,,,,,1.76,1.01,1.44*16
19:54:16  $GNGSA,A,3,87,88,76,81,67,,,,,,,,1.76,1.01,1.44*1B
19:54:16  $GPGSV,2,1,6,1,47,216,26,3,23,228,25,8,24,324,32,21,74,239,26*74
19:54:16  $GNGGA,195416.00,215.034.432,S,432.258.577,W,1,10,1.01,789.0,M,-6.9,M,,*5D